path,sha256,git_blob,bytes,urls,analytical_roles,included,access,reason,detail,effect
sources/files/annual_19900_2019.pdf,a106e4fd16891f39b00f0ac23d233cc6e815f0ab434e1e8b294c0045fed1c60a,009ba5c4be0f0e66b9eb54d005aed4532f7b5ac9,122909,"[""https://psc.ky.gov/UFR_PDF/%5CWater%5C2019%5C19900_Corinth_Water_District.pdf""]","[""category and territory comparability"", ""primary account endpoint"", ""reported supplier (incomplete exposure evidence)""]",false,original-host reference; not bundled,No redistribution grant established for this document type; use recorded original-host URL.,"Source identity, citations, pages and roles retained; original is not redacted or substituted.",Numerical workflow uses compiled inputs. Full source verification requires exact original bytes in a private disposable copy.
sources/files/21500_tariff_021ec0ba1780.pdf,53c6b0a76460bb04cb1f0fdca825e73808331bb52751f8959c52cfd54ffc357e,021ec0ba1780fada802a898ce585aed6868f3973,1115173,"[""https://psc.ky.gov/tariffs/Water/Districts,%20Associations,%20%26%20Privately%20Owned/Estill%20County%20Water%20District/Tariff.pdf""]","[""category and territory comparability"", ""documented schedule/amendment ledger"", ""primary endpoint tariff"", ""recurring charge and billing qualification""]",false,original-host reference; not bundled,No redistribution grant established for this document type; use recorded original-host URL.,"Source identity, citations, pages and roles retained; original is not redacted or substituted.",Numerical workflow uses compiled inputs. Full source verification requires exact original bytes in a private disposable copy.
sources/files/24100_tariff_04c6fe9f8521.pdf,5c287133ce3db4f828a49e6ce978447579f774c08e88231e7fd93a6fbbb7c82f,04c6fe9f852183172712c968f6aaac49985effbf,223550,"[""https://psc.ky.gov/tariffs/Water/Districts,%20Associations,%20%26%20Privately%20Owned/Laurel%20County%20Water%20District%20Number%202/Cancelled%20Tariff%20Pages/2020/Monthly%20Water%20Rates/04-08.pdf""]","[""category and territory comparability"", ""documented schedule/amendment ledger"", ""primary endpoint tariff""]",false,original-host reference; not bundled,No redistribution grant established for this document type; use recorded original-host URL.,"Source identity, citations, pages and roles retained; original is not redacted or substituted.",Numerical workflow uses compiled inputs. Full source verification requires exact original bytes in a private disposable copy.
sources/files/2020-00083_20200429_PSC_ORDER.pdf,6b6964295d588a24c83b32792991a35955e7064707a191769ad611c62e38bc87,061e5b195dcddeb266791f50cd17d0dab949f426,159759,"[""https://psc.ky.gov/pscscf/2020%20Cases/2020-00083/20200429_PSC_ORDER.pdf""]","[""documented schedule/amendment ledger""]",true,bundled original administrative ruling,"Official PSC order; distribution recommended on government-edicts basis, not a project license.",Prior privacy screening plus targeted order-structure checks; no exhaustive clearance asserted.,Original bytes available for separate source-file verification; numerical execution uses compiled inputs.
sources/files/2021-00195_20210604_PSC_ORDER.pdf,973a04c2e795b189536cfacf7ea9c3eb99579681f7d245b13ee9915de2656ad0,07acd6359139f5203da66f37cc304576481d4612,192096,"[""https://psc.ky.gov/pscscf/2021%20Cases/2021-00195//20210604_PSC_ORDER.pdf""]","[""documented schedule/amendment ledger""]",true,bundled original administrative ruling,"Official PSC order; distribution recommended on government-edicts basis, not a project license.",Prior privacy screening plus targeted order-structure checks; no exhaustive clearance asserted.,Original bytes available for separate source-file verification; numerical execution uses compiled inputs.
sources/files/2022-00431_20231117_PSC_ORDER.pdf,fccf1ad6ff4d0598548288877a82464abc69906f97c54b586ed9cc6e24f26233,07b850c6abf02891c0009093c3437e18aecf0ab7,404058,"[""https://psc.ky.gov/pscscf/2022%20Cases/2022-00431//20231117_PSC_ORDER.pdf""]","[""documented schedule/amendment ledger""]",true,bundled original administrative ruling,"Official PSC order; distribution recommended on government-edicts basis, not a project license.",Prior privacy screening plus targeted order-structure checks; no exhaustive clearance asserted.,Original bytes available for separate source-file verification; numerical execution uses compiled inputs.
sources/files/annual_26000_2019.pdf,f0a6d5bc12043014da07463f0e077aebde704c82b946ba0d906f0920758628c0,08dc85016e8b6e12bc586fbc90300af607967eaa,112874,"[""https://psc.ky.gov/UFR_PDF/%5CWater%5C2019%5C26000_Muhlenberg_County_Water_District__3.pdf""]","[""category and territory comparability"", ""primary account endpoint"", ""reported supplier (incomplete exposure evidence)""]",false,original-host reference; not bundled,No redistribution grant established for this document type; use recorded original-host URL.,"Source identity, citations, pages and roles retained; original is not redacted or substituted.",Numerical workflow uses compiled inputs. Full source verification requires exact original bytes in a private disposable copy.
sources/files/annual_7000300_2024.pdf,d243599254fdc5b23faac702519060492b5942c40ec560d5e695f8841e50a67a,0b791c6a940c87c91ad1a5679e61fb09fef89a83,446540,"[""https://psc.ky.gov/UFR_PDF/%5CWater%5C2024%5C7000300_Letcher_County_Water_and_Sewer_District.pdf""]","[""category and territory comparability"", ""primary account endpoint"", ""reported supplier (incomplete exposure evidence)""]",false,original-host reference; not bundled,No redistribution grant established for this document type; use recorded original-host URL.,"Source identity, citations, pages and roles retained; original is not redacted or substituted.",Numerical workflow uses compiled inputs. Full source verification requires exact original bytes in a private disposable copy.
sources/files/2020-00083_20200330_PSC_ORDER.pdf,1aed1168bd6d1f87a35329e8dc7947ea497d269fc4099a56cc6f20e133af6229,0be8790301873f27bb7bd3555c3db180534aecc0,219061,"[""https://psc.ky.gov/pscscf/2020%20Cases/2020-00083/20200330_PSC_ORDER.pdf""]","[""documented schedule/amendment ledger""]",true,bundled original administrative ruling,"Official PSC order; distribution recommended on government-edicts basis, not a project license.",Prior privacy screening plus targeted order-structure checks; no exhaustive clearance asserted.,Original bytes available for separate source-file verification; numerical execution uses compiled inputs.
sources/files/21900_tariff_0cbbf17c3bcb.pdf,2ca4a771099af1fb10f8ef154f3e0baf2e611af53d7ce732d47a751b04f76e09,0cbbf17c3bcb92cec33644dbe02fb4deca1341ff,5749810,"[""https://psc.ky.gov/tariffs/Water/Districts,%20Associations,%20%26%20Privately%20Owned/Garrison-Quincy-KY-O-Heights%20Water%20District/Tariff.pdf""]","[""broader tariff or documentary context""]",false,original-host reference; not bundled,No redistribution grant established for this document type; use recorded original-host URL.,"Source identity, citations, pages and roles retained; original is not redacted or substituted.",Numerical workflow uses compiled inputs. Full source verification requires exact original bytes in a private disposable copy.
sources/files/18500_2021.pdf,f3d85a01361f6402abe322837184bc1a49c940850789e444f273f34360029113,0dd60f4e451a26599301e22a82d3d8613cd74536,450574,"[""https://psc.ky.gov/UFR_PDF/%5CWater%5C2021%5C18500_Barkley_Lake_Water_District.pdf""]","[""excluded-district or source-conflict evidence""]",false,original-host reference; not bundled,No redistribution grant established for this document type; use recorded original-host URL.,"Source identity, citations, pages and roles retained; original is not redacted or substituted.",Numerical workflow uses compiled inputs. Full source verification requires exact original bytes in a private disposable copy.
sources/files/29200_tariff_0e37a34cfb4f.pdf,5badf399c7b19e983bd49275883af33ccac288bef3690938396d6ac17d19d0df,0e37a34cfb4f7ead9144ca916fb45b715d00f16c,1044843,"[""https://psc.ky.gov/tariffs/Water/Districts,%20Associations,%20%26%20Privately%20Owned/Sandy%20Hook%20Water%20District/Cancelled%20Tariff%20Pages/2025/Water%20Rates%20and%20Charges/09-19.pdf""]","[""category and territory comparability"", ""documented schedule/amendment ledger"", ""primary endpoint tariff""]",false,original-host reference; not bundled,No redistribution grant established for this document type; use recorded original-host URL.,"Source identity, citations, pages and roles retained; original is not redacted or substituted.",Numerical workflow uses compiled inputs. Full source verification requires exact original bytes in a private disposable copy.
sources/files/2023-00387_20241209_PSC_ORDER.pdf,02125d2afd066d72ca663b56794e6b48ac6832bb7fa49d4dcf7adab1d1d985a9,0e68275a3aea90380c199e228070182c9c25ba8b,885025,"[""https://psc.ky.gov/pscscf/2023%20Cases/2023-00387//20241209_PSC_ORDER.pdf""]","[""documented schedule/amendment ledger"", ""recurring charge and billing qualification""]",true,bundled original administrative ruling,"Official PSC order; distribution recommended on government-edicts basis, not a project license.",Prior privacy screening plus targeted order-structure checks; no exhaustive clearance asserted.,Original bytes available for separate source-file verification; numerical execution uses compiled inputs.
sources/files/23300_tariff_0f9dd2a0e7ed.pdf,25ac9636f932ae8d14271411a7b1c19533b747959b12d00fd339a5e956835bb7,0f9dd2a0e7ed285d0ef2d420500a64283ed3a21f,106792,"[""https://psc.ky.gov/tariffs/Water/Districts,%20Associations,%20%26%20Privately%20Owned/Hyden-Leslie%20County%20Water%20District/Cancelled%20Tariff%20Pages/2024/Monthly%20Rates/08-06.pdf""]","[""documented schedule/amendment ledger""]",false,original-host reference; not bundled,No redistribution grant established for this document type; use recorded original-host URL.,"Source identity, citations, pages and roles retained; original is not redacted or substituted.",Numerical workflow uses compiled inputs. Full source verification requires exact original bytes in a private disposable copy.
sources/files/28000_tariff_108d07391e46.pdf,c142344309f5528a972a503b47ae29c2e7eae2ef515f6fe20d1f8b32b3a285ba,108d07391e46556543cf9d53c044733b5accdceb,111524,"[""https://psc.ky.gov/tariffs/Water/Districts,%20Associations,%20%26%20Privately%20Owned/Pendleton%20County%20Water%20District/Cancelled%20Tariff%20Pages/2025/Monthly%20Water%20Rates/06-13.pdf""]","[""category and territory comparability"", ""documented schedule/amendment ledger"", ""primary endpoint tariff""]",false,original-host reference; not bundled,No redistribution grant established for this document type; use recorded original-host URL.,"Source identity, citations, pages and roles retained; original is not redacted or substituted.",Numerical workflow uses compiled inputs. Full source verification requires exact original bytes in a private disposable copy.
sources/files/26400_tariff_10cd243897f6.pdf,3073392e7308e4e867cbd7185cbd121faefcd10db7356f390508a216c837fd27,10cd243897f6cad5e8fb373d6cb1a783cdf8ce9d,3123599,"[""https://psc.ky.gov/tariffs/Water/Districts,%20Associations,%20%26%20Privately%20Owned/Nebo%20Water%20District/Cancelled%20Tariff%20Pages/2024/Whole%20Tariff/01-11.pdf""]","[""category and territory comparability"", ""documented schedule/amendment ledger"", ""primary endpoint tariff""]",false,original-host reference; not bundled,No redistribution grant established for this document type; use recorded original-host URL.,"Source identity, citations, pages and roles retained; original is not redacted or substituted.",Numerical workflow uses compiled inputs. Full source verification requires exact original bytes in a private disposable copy.
sources/files/23300_tariff_11dd55dc2e35.pdf,704073ed974e83f6bd9a9c2e9abe2b715f682fb3371e6c82538e60d5d6b610ec,11dd55dc2e3589cb9816cd463b9620254161c674,74224,"[""https://psc.ky.gov/tariffs/Water/Districts,%20Associations,%20%26%20Privately%20Owned/Hyden-Leslie%20County%20Water%20District/Cancelled%20Tariff%20Pages/2020/Rates%20and%20Charges/11-06.pdf""]","[""category and territory comparability"", ""documented schedule/amendment ledger"", ""primary endpoint tariff""]",false,original-host reference; not bundled,No redistribution grant established for this document type; use recorded original-host URL.,"Source identity, citations, pages and roles retained; original is not redacted or substituted.",Numerical workflow uses compiled inputs. Full source verification requires exact original bytes in a private disposable copy.
sources/files/annual_26400_2019.pdf,948a796189127e756e568a1aaa9663d26c950738b8dce29d58eb2a79a3b0f4fd,127b57db740800b7524c046d3450379b3d397c71,135179,"[""https://psc.ky.gov/UFR_PDF/%5CWater%5C2019%5C26400_Nebo_Water_District.pdf""]","[""category and territory comparability"", ""primary account endpoint"", ""reported supplier (incomplete exposure evidence)""]",false,original-host reference; not bundled,No redistribution grant established for this document type; use recorded original-host URL.,"Source identity, citations, pages and roles retained; original is not redacted or substituted.",Numerical workflow uses compiled inputs. Full source verification requires exact original bytes in a private disposable copy.
sources/files/2023-00351_monitor_92.pdf,927b337a4134b6b42c8ef1f3c85f236b24d4e698619cfac90c0de1e27d1f8156,1349d2c1716068f6af8e543f4b955f775b16fc2e,205738,"[""https://psc.ky.gov/pscecf/2023-00351/tolson%40mtwater.org/01272025120742/SURCHARGE_REPORT_COVER_LETTER_01-26-2025.pdf""]","[""recurring charge and billing qualification""]",false,original-host reference; not bundled,No redistribution grant established for this document type; use recorded original-host URL.,"Source identity, citations, pages and roles retained; original is not redacted or substituted.",Numerical workflow uses compiled inputs. Full source verification requires exact original bytes in a private disposable copy.
sources/files/2021-00406_20220105_PSC_ORDER.pdf,b4e71658ae1ff13e504c0fb7a84a28f94984d5908cf09b8d5b4bb660cc314497,15eba7044f7f10153579be170f33edeae7827b43,142679,"[""https://psc.ky.gov/pscscf/2021%20Cases/2021-00406//20220105_PSC_ORDER.pdf""]","[""documented schedule/amendment ledger""]",true,bundled original administrative ruling,"Official PSC order; distribution recommended on government-edicts basis, not a project license.",Prior privacy screening plus targeted order-structure checks; no exhaustive clearance asserted.,Original bytes available for separate source-file verification; numerical execution uses compiled inputs.
sources/files/2023-00400_20240801_PSC_ORDER.pdf,7b2a282d29430b6a4c153d17f5c98d199b860a7f4fcbc56a38ea1ecbabf82d41,1804777a6ed83c21fecd1dfd4dc1225ccaf1b50f,490217,"[""https://psc.ky.gov/pscscf/2023%20Cases/2023-00400//20240801_PSC_ORDER.pdf""]","[""documented schedule/amendment ledger""]",true,bundled original administrative ruling,"Official PSC order; distribution recommended on government-edicts basis, not a project license.",Prior privacy screening plus targeted order-structure checks; no exhaustive clearance asserted.,Original bytes available for separate source-file verification; numerical execution uses compiled inputs.
sources/files/26600_2022.pdf,5ed8d93f4e040faa8b0a19a2f18381afca849da5c1ff990f8739969f8cf14d5e,18325ce7f8261828213ccccf99e522d9ce5ad105,357038,"[""https://psc.ky.gov/UFR_PDF/%5CWater%5C2022%5C26600_North_Hopkins_Water_District.pdf""]","[""excluded-district or source-conflict evidence""]",false,original-host reference; not bundled,No redistribution grant established for this document type; use recorded original-host URL.,"Source identity, citations, pages and roles retained; original is not redacted or substituted.",Numerical workflow uses compiled inputs. Full source verification requires exact original bytes in a private disposable copy.
sources/files/knott_order.pdf,d2e00aa517abb9fec14bc7c834b69436c493c9f2545e3aa96e555167a0680e8d,196622d8928b74eab333c281cec876b1e0651c80,20345675,"[""https://psc.ky.gov/pscscf/2019%20Cases/2019-00268/20200131_PSC_ORDER.pdf""]","[""documented schedule/amendment ledger""]",true,bundled original administrative ruling,"Official PSC order; distribution recommended on government-edicts basis, not a project license.",Prior privacy screening plus targeted order-structure checks; no exhaustive clearance asserted.,Original bytes available for separate source-file verification; numerical execution uses compiled inputs.
sources/files/7000300_tariff_1d238e24e234.pdf,3524c131de35fa605be11a23b1a2a1c0c1f04633fe3d0dd7de309478e0ea18eb,1d238e24e2349205df664bea5b35c4608e017901,50468,"[""https://psc.ky.gov/tariffs/Water/Districts,%20Associations,%20%26%20Privately%20Owned/Letcher%20County%20Water%20and%20Sewer%20District/Cancelled%20Tariff%20Pages/2023/Rates%20and%20Charges/11-17.pdf"", ""https://psc.ky.gov/tariffs/Water/Districts,%20Associations,%20&%20Privately%20Owned/Letcher%20County%20Water%20and%20Sewer%20District/Cancelled%20Tariff%20Pages/2023/Rates%20and%20Charges/11-17.pdf""]","[""documented schedule/amendment ledger""]",false,original-host reference; not bundled,No redistribution grant established for this document type; use recorded original-host URL.,"Source identity, citations, pages and roles retained; original is not redacted or substituted.",Numerical workflow uses compiled inputs. Full source verification requires exact original bytes in a private disposable copy.
sources/files/22500_tariff_1d848eba9d56.pdf,2bc3ad98953f65b10ea94d307bec374686f39897864d689ced99390daac0ee1e,1d848eba9d56261c8b970aece8b25fa0e4ddab28,238081,"[""https://psc.ky.gov/tariffs/Water/Districts,%20Associations,%20%26%20Privately%20Owned/Hardin%20County%20Water%20District%20Number%201/Cancelled%20Tariff%20Pages/2023/Rates,%20Surcharges,%20and%20Monthly%20Charges/10-01.pdf""]","[""documented schedule/amendment ledger""]",false,original-host reference; not bundled,No redistribution grant established for this document type; use recorded original-host URL.,"Source identity, citations, pages and roles retained; original is not redacted or substituted.",Numerical workflow uses compiled inputs. Full source verification requires exact original bytes in a private disposable copy.
sources/files/2020-00340_20250116_PSC_ORDER.pdf,37795662ad63a626c64472d05cfa4f81276d220a4a604ee6606f4a615bf9fc7d,1dc61fda12afcd6f58306a4f96bbf6006db0fbf3,178476,"[""https://psc.ky.gov/pscscf/2020%20Cases/2020-00340//20250116_PSC_ORDER.pdf""]","[""recurring charge and billing qualification""]",true,bundled original administrative ruling,"Official PSC order; distribution recommended on government-edicts basis, not a project license.",Prior privacy screening plus targeted order-structure checks; no exhaustive clearance asserted.,Original bytes available for separate source-file verification; numerical execution uses compiled inputs.
sources/files/26400_tariff_20676a43c5d4.pdf,037922d448602793fcbe1c424f5e704c36e0919265212f89ec4c9487a5842e9f,20676a43c5d41ecce60e7fbc1554ee7297d9d4e5,2308384,"[""https://psc.ky.gov/tariffs/Water/Districts,%20Associations,%20%26%20Privately%20Owned/Nebo%20Water%20District/Tariff.pdf""]","[""category and territory comparability"", ""documented schedule/amendment ledger"", ""primary endpoint tariff""]",false,original-host reference; not bundled,No redistribution grant established for this document type; use recorded original-host URL.,"Source identity, citations, pages and roles retained; original is not redacted or substituted.",Numerical workflow uses compiled inputs. Full source verification requires exact original bytes in a private disposable copy.
sources/files/31200_2023.pdf,8ee0f1b0bcd7927c13ef4eaf30ae6eec75844e07b596c073c6c735ad1b33cd5d,206864dd1e7c81bc0f2fdc62e446ed9a4b017ea1,425995,"[""https://psc.ky.gov/UFR_PDF/%5CWater%5C2023%5C31200_Trimble_County_Water_District__1.pdf""]","[""excluded-district or source-conflict evidence""]",false,original-host reference; not bundled,No redistribution grant established for this document type; use recorded original-host URL.,"Source identity, citations, pages and roles retained; original is not redacted or substituted.",Numerical workflow uses compiled inputs. Full source verification requires exact original bytes in a private disposable copy.
sources/files/annual_29800_2024.pdf,8dcb4841b81fbdc4801a5f54304291d4b13c98f69cce58472c8265b85427caed,209ee3bae4c55da4a18f7b4643ff293c642da5df,278091,"[""https://psc.ky.gov/UFR_PDF/%5CWater%5C2024%5C29800_South_Anderson_Water_District.pdf""]","[""category and territory comparability"", ""primary account endpoint"", ""reported supplier (incomplete exposure evidence)""]",false,original-host reference; not bundled,No redistribution grant established for this document type; use recorded original-host URL.,"Source identity, citations, pages and roles retained; original is not redacted or substituted.",Numerical workflow uses compiled inputs. Full source verification requires exact original bytes in a private disposable copy.
sources/files/2021-00406_20221005_PSC_ORDER.pdf,f96e3749f742382a85c817701baf1c5bfddd1bce7bdcd0dfcf32110eda79d306,2260a2e18123e66179a0bce5a9f7f284af5fcb99,179628,"[""https://psc.ky.gov/pscscf/2021%20Cases/2021-00406//20221005_PSC_ORDER.pdf""]","[""documented schedule/amendment ledger""]",true,bundled original administrative ruling,"Official PSC order; distribution recommended on government-edicts basis, not a project license.",Prior privacy screening plus targeted order-structure checks; no exhaustive clearance asserted.,Original bytes available for separate source-file verification; numerical execution uses compiled inputs.
sources/files/26900_tariff_2267c536beff.pdf,f940ecdc93f18afc51015ee82c79c7913dcc07021e38c0853b55ad726ebd32a3,2267c536beffa569ef09eb6d56daa13f8547974c,105893,"[""https://psc.ky.gov/tariffs/Water/Districts,%20Associations,%20%26%20Privately%20Owned/North%20McLean%20County%20Water%20District/Cancelled%20Tariff%20Pages/2021/Monthly%20Rates/01-27.pdf""]","[""documented schedule/amendment ledger""]",false,original-host reference; not bundled,No redistribution grant established for this document type; use recorded original-host URL.,"Source identity, citations, pages and roles retained; original is not redacted or substituted.",Numerical workflow uses compiled inputs. Full source verification requires exact original bytes in a private disposable copy.
sources/files/28600_tariff_230ddd60b2ac.pdf,988052aa631b1dbfd25ebcd1f9d586ca8d350fb603c5d3a597e192130fcb73b4,230ddd60b2ac5fbfcdc4636875ea1befd5690d82,5481546,"[""https://psc.ky.gov/tariffs/Water/Districts,%20Associations,%20%26%20Privately%20Owned/Rattlesnake%20Ridge%20Water%20District/Tariff.pdf""]","[""broader tariff or documentary context""]",false,original-host reference; not bundled,No redistribution grant established for this document type; use recorded original-host URL.,"Source identity, citations, pages and roles retained; original is not redacted or substituted.",Numerical workflow uses compiled inputs. Full source verification requires exact original bytes in a private disposable copy.
sources/files/22500_tariff_2707ae520d36.pdf,4f2fa1a9751b54cff0f87b548d817bc5cdc35969c0661e84e727c09e47e81d1c,2707ae520d36e65e4c328fafd0d71f840aa33f3f,148673,"[""https://psc.ky.gov/tariffs/Water/Districts,%20Associations,%20%26%20Privately%20Owned/Hardin%20County%20Water%20District%20Number%201/Cancelled%20Tariff%20Pages/2022/Rates,%20Surcharges%20and%20Monthly%20Charges/12-01.pdf""]","[""category and territory comparability"", ""documented schedule/amendment ledger"", ""primary endpoint tariff""]",false,original-host reference; not bundled,No redistribution grant established for this document type; use recorded original-host URL.,"Source identity, citations, pages and roles retained; original is not redacted or substituted.",Numerical workflow uses compiled inputs. Full source verification requires exact original bytes in a private disposable copy.
sources/files/annual_21500_2024.pdf,a0e7b942c09a650365e1e57d5830b5cd54d11a2835e870dff033c519451d95ae,275af41a84ca719067e5871f049d8243cd660922,111843,"[""https://psc.ky.gov/UFR_PDF/%5CWater%5C2024%5C21500_Estill_County_Water_District__1.pdf""]","[""category and territory comparability"", ""primary account endpoint"", ""reported supplier (incomplete exposure evidence)""]",false,original-host reference; not bundled,No redistribution grant established for this document type; use recorded original-host URL.,"Source identity, citations, pages and roles retained; original is not redacted or substituted.",Numerical workflow uses compiled inputs. Full source verification requires exact original bytes in a private disposable copy.
sources/files/2022-00423_20230112_PSC_ORDER.pdf,8249a70059e6bfe3e6bd06412ac87e514ad3cc85ebb608f7866ca0f22eb7c8f6,2b223928ab52186cada6740aff35de24d45edd71,250616,"[""https://psc.ky.gov/pscscf/2022%20Cases/2022-00423//20230112_PSC_ORDER.pdf""]","[""documented schedule/amendment ledger""]",true,bundled original administrative ruling,"Official PSC order; distribution recommended on government-edicts basis, not a project license.",Prior privacy screening plus targeted order-structure checks; no exhaustive clearance asserted.,Original bytes available for separate source-file verification; numerical execution uses compiled inputs.
sources/files/2020-00068_20200402_PSC_ORDER.pdf,ffaf7c17008f1a582b9986464b723d8a75e55af8da3e72c78d51c9aa101add96,2cd967209d40f0004790043f332beecd3bdee2ac,194535,"[""https://psc.ky.gov/pscscf/2020%20Cases/2020-00068//20200402_PSC_ORDER.pdf""]","[""documented schedule/amendment ledger""]",true,bundled original administrative ruling,"Official PSC order; distribution recommended on government-edicts basis, not a project license.",Prior privacy screening plus targeted order-structure checks; no exhaustive clearance asserted.,Original bytes available for separate source-file verification; numerical execution uses compiled inputs.
sources/files/2021-00225_20210706_PSC_ORDER.pdf,92ba17fecb09b11d864261a163a5fc0bdfabdca3cc80159722c2672b692a287c,2d17af20fe06c80698de240fce74ef88df7d277d,181603,"[""https://psc.ky.gov/pscscf/2021%20Cases/2021-00225//20210706_PSC_ORDER.pdf""]","[""documented schedule/amendment ledger""]",true,bundled original administrative ruling,"Official PSC order; distribution recommended on government-edicts basis, not a project license.",Prior privacy screening plus targeted order-structure checks; no exhaustive clearance asserted.,Original bytes available for separate source-file verification; numerical execution uses compiled inputs.
sources/files/19201_tariff_2f3583d18eaf.pdf,26c345d4246648323d9bfa0157489909859d36ca103bc2c56fc315f526a9b83b,2f3583d18eaf3850a31c4a3c70a73df1cdea562e,50857,"[""https://psc.ky.gov/tariffs/Water/Districts,%20Associations,%20%26%20Privately%20Owned/Caldwell%20County%20Water%20District/Cancelled%20Tariff%20Pages/2020/Monthly%20Rates/07-29.pdf""]","[""broader tariff or documentary context""]",false,original-host reference; not bundled,No redistribution grant established for this document type; use recorded original-host URL.,"Source identity, citations, pages and roles retained; original is not redacted or substituted.",Numerical workflow uses compiled inputs. Full source verification requires exact original bytes in a private disposable copy.
sources/files/18500_tariff_3030042e13d1.pdf,2895cc0d148533fcd8ce693bd6b194c43e70996242a5198352582aa10262618e,3030042e13d118949a50883e189be5455f6f5592,1371431,"[""https://psc.ky.gov/tariffs/Water/Districts,%20Associations,%20%26%20Privately%20Owned/Barkley%20Lake%20Water%20District/Cancelled%20Tariff%20Pages/2020/Monthly%20Water%20Rates/09-02.pdf""]","[""broader tariff or documentary context""]",false,original-host reference; not bundled,No redistribution grant established for this document type; use recorded original-host URL.,"Source identity, citations, pages and roles retained; original is not redacted or substituted.",Numerical workflow uses compiled inputs. Full source verification requires exact original bytes in a private disposable copy.
sources/files/annual_28000_2019.pdf,336ddea482561a39a24f2d643d5b023a1c04a867dbed8b00ffe06b7e80e0cd34,3070e27d7cf8f3389374d6013c003ccb465118fa,145881,"[""https://psc.ky.gov/UFR_PDF/%5CWater%5C2019%5C28000_Pendleton_County_Water_District.pdf""]","[""category and territory comparability"", ""primary account endpoint"", ""reported supplier (incomplete exposure evidence)""]",false,original-host reference; not bundled,No redistribution grant established for this document type; use recorded original-host URL.,"Source identity, citations, pages and roles retained; original is not redacted or substituted.",Numerical workflow uses compiled inputs. Full source verification requires exact original bytes in a private disposable copy.
sources/files/2023-00101_20231213_PSC_ORDER.pdf,5977eb0c8428af2c07d6bbf08e0222e68944f170d7a411fb0e5ffb2df5175cac,30a3a9fa5a487389db32abb5019681921a35c72a,574543,"[""https://psc.ky.gov/pscscf/2023%20Cases/2023-00101//20231213_PSC_ORDER.pdf""]","[""documented schedule/amendment ledger"", ""recurring charge and billing qualification""]",true,bundled original administrative ruling,"Official PSC order; distribution recommended on government-edicts basis, not a project license.",Prior privacy screening plus targeted order-structure checks; no exhaustive clearance asserted.,Original bytes available for separate source-file verification; numerical execution uses compiled inputs.
sources/files/2020-00079_20200408_PSC_ORDER.pdf,061b1ed8bf6f184025f659b79e312e9e606b9fa0f48f006eaed70b8800d0be8b,33dbf8fd95f7e3731dd8b7c7a5eb44a10fc6d80d,345781,"[""https://psc.ky.gov/pscscf/2020%20Cases/2020-00079//20200408_PSC_ORDER.pdf""]","[""documented schedule/amendment ledger""]",true,bundled original administrative ruling,"Official PSC order; distribution recommended on government-edicts basis, not a project license.",Prior privacy screening plus targeted order-structure checks; no exhaustive clearance asserted.,Original bytes available for separate source-file verification; numerical execution uses compiled inputs.
sources/files/2024-00120_20240606_PSC_ORDER.pdf,b43b7f78c4fd9ee13de2ed9fbbd0d84067de1dd240cb6d62d8b48a5c7fc6f7d0,35414fde686d03c376f5827aec71813a21aaf53e,355503,"[""https://psc.ky.gov/pscscf/2024%20Cases/2024-00120//20240606_PSC_ORDER.pdf""]","[""documented schedule/amendment ledger""]",true,bundled original administrative ruling,"Official PSC order; distribution recommended on government-edicts basis, not a project license.",Prior privacy screening plus targeted order-structure checks; no exhaustive clearance asserted.,Original bytes available for separate source-file verification; numerical execution uses compiled inputs.
sources/files/22500_tariff_35cfd920aac6.pdf,f10952b7ee40442227bc849f3d16d2c49286a89212007836074fc013f1f1bfb2,35cfd920aac6a27052167ad7396204701d388c9a,342440,"[""https://psc.ky.gov/tariffs/Water/Districts,%20Associations,%20%26%20Privately%20Owned/Hardin%20County%20Water%20District%20Number%201/Cancelled%20Tariff%20Pages/2025/Rates,%20Surcharges,%20and%20Monthly%20Charges/10-30.pdf""]","[""category and territory comparability"", ""documented schedule/amendment ledger"", ""primary endpoint tariff""]",false,original-host reference; not bundled,No redistribution grant established for this document type; use recorded original-host URL.,"Source identity, citations, pages and roles retained; original is not redacted or substituted.",Numerical workflow uses compiled inputs. Full source verification requires exact original bytes in a private disposable copy.
sources/files/18500_2023.pdf,5b1a7d45516ff520e98f0faf316ed9ec66c1c757e1be047dd245923e554c3a5a,3703016a7ff5c0ebb7b9fa4c2ecd247b2854cf83,138238,"[""https://psc.ky.gov/UFR_PDF/%5CWater%5C2023%5C18500_Barkley_Lake_Water_District.pdf""]","[""excluded-district or source-conflict evidence""]",false,original-host reference; not bundled,No redistribution grant established for this document type; use recorded original-host URL.,"Source identity, citations, pages and roles retained; original is not redacted or substituted.",Numerical workflow uses compiled inputs. Full source verification requires exact original bytes in a private disposable copy.
sources/files/26900_tariff_371f018d7f2f.pdf,e2fc16fc5641f4fcd15e79e550cca9efb1f6841237a055768096d02e36bd7599,371f018d7f2f542ec93c5bde88305dbaeab1f19c,172112,"[""https://psc.ky.gov/tariffs/Water/Districts,%20Associations,%20%26%20Privately%20Owned/North%20McLean%20County%20Water%20District/Cancelled%20Tariff%20Pages/2021/Monthly%20Rates/07-01.pdf""]","[""documented schedule/amendment ledger""]",false,original-host reference; not bundled,No redistribution grant established for this document type; use recorded original-host URL.,"Source identity, citations, pages and roles retained; original is not redacted or substituted.",Numerical workflow uses compiled inputs. Full source verification requires exact original bytes in a private disposable copy.
sources/files/26900_tariff_3981c9f54088.pdf,332e2880483a0c2f746d53e13e5161994f4c43338bbbb3a7fa5a8c2f861695d0,3981c9f54088664310051d295d11b5aa028bbb29,153998,"[""https://psc.ky.gov/tariffs/Water/Districts,%20Associations,%20%26%20Privately%20Owned/North%20McLean%20County%20Water%20District/Cancelled%20Tariff%20Pages/2020/Monthly%20Rates/06-01.pdf""]","[""category and territory comparability"", ""documented schedule/amendment ledger"", ""primary endpoint tariff""]",false,original-host reference; not bundled,No redistribution grant established for this document type; use recorded original-host URL.,"Source identity, citations, pages and roles retained; original is not redacted or substituted.",Numerical workflow uses compiled inputs. Full source verification requires exact original bytes in a private disposable copy.
sources/files/annual_29800_2019.pdf,db23d6d8bd39c95fe17a021cdd4c6b0070676fc485b69628387fb033dc797e07,39d665ae3e2492751878a1db8763ca6004595cda,673684,"[""https://psc.ky.gov/UFR_PDF/%5CWater%5C2019%5C29800_South_Anderson_Water_District.pdf""]","[""category and territory comparability"", ""primary account endpoint"", ""reported supplier (incomplete exposure evidence)""]",false,original-host reference; not bundled,No redistribution grant established for this document type; use recorded original-host URL.,"Source identity, citations, pages and roles retained; original is not redacted or substituted.",Numerical workflow uses compiled inputs. Full source verification requires exact original bytes in a private disposable copy.
sources/files/29200_tariff_3afcfe484f1a.pdf,58d373949adfb218dde1e409aa75eba5cbaa1638fa3e6af620d5e854f941c9eb,3afcfe484f1a01cfdf995c06740baba3b748d47c,205802,"[""https://psc.ky.gov/tariffs/Water/Districts,%20Associations,%20%26%20Privately%20Owned/Sandy%20Hook%20Water%20District/Cancelled%20Tariff%20Pages/2022/Water%20Rates%20and%20Charges/08-10.pdf""]","[""category and territory comparability"", ""documented schedule/amendment ledger"", ""primary endpoint tariff""]",false,original-host reference; not bundled,No redistribution grant established for this document type; use recorded original-host URL.,"Source identity, citations, pages and roles retained; original is not redacted or substituted.",Numerical workflow uses compiled inputs. Full source verification requires exact original bytes in a private disposable copy.
sources/files/annual_24100_2024.pdf,d2f9278d494ac9018096a39e9db7c260b339cf6a55b720aabcb2c4d5de86056d,3b4d26d229349ff85ac0f56d68f6dc5e5994f39d,385115,"[""https://psc.ky.gov/UFR_PDF/%5CWater%5C2024%5C24100_Laurel_County_Water_District__2.pdf""]","[""category and territory comparability"", ""primary account endpoint"", ""reported supplier (incomplete exposure evidence)""]",false,original-host reference; not bundled,No redistribution grant established for this document type; use recorded original-host URL.,"Source identity, citations, pages and roles retained; original is not redacted or substituted.",Numerical workflow uses compiled inputs. Full source verification requires exact original bytes in a private disposable copy.
sources/files/25605_tariff_3b79ccc13c26.pdf,946a790b65fe9ddb5b44a16e38d9393bf385094596c00bb566436ef6fa102269,3b79ccc13c26b2569817562cd38e7eee70afbb1c,40677,"[""https://psc.ky.gov/tariffs/Water/Districts,%20Associations,%20%26%20Privately%20Owned/Mountain%20Water%20District/Cancelled%20Tariff%20Pages/2022/Monthly%20Water%20Rates/12-11.pdf""]","[""documented schedule/amendment ledger""]",false,original-host reference; not bundled,No redistribution grant established for this document type; use recorded original-host URL.,"Source identity, citations, pages and roles retained; original is not redacted or substituted.",Numerical workflow uses compiled inputs. Full source verification requires exact original bytes in a private disposable copy.
sources/files/annual_28300_2019.pdf,07f8ca0ed750cd8847f8f9b787d012daed4ab90dbba57d766951e08c3117b858,3bfc9d4304c369a535ca14831793e8ceee4241ca,132583,"[""https://psc.ky.gov/UFR_PDF/%5CWater%5C2019%5C28300_Powell%60s_Valley_Water_District.pdf""]","[""category and territory comparability"", ""primary account endpoint"", ""reported supplier (incomplete exposure evidence)""]",false,original-host reference; not bundled,No redistribution grant established for this document type; use recorded original-host URL.,"Source identity, citations, pages and roles retained; original is not redacted or substituted.",Numerical workflow uses compiled inputs. Full source verification requires exact original bytes in a private disposable copy.
sources/files/annual_22700_2019.pdf,07533d889db7e73597f101893a9591d0482489e04b83b6067ee63b9b319b1504,3c4681fd7e95834a9b332b61b5a68aaaf7dbddd4,228989,"[""https://psc.ky.gov/UFR_PDF/%5CWater%5C2019%5C22700_Henderson_County_Water_District.pdf""]","[""category and territory comparability"", ""primary account endpoint"", ""reported supplier (incomplete exposure evidence)""]",false,original-host reference; not bundled,No redistribution grant established for this document type; use recorded original-host URL.,"Source identity, citations, pages and roles retained; original is not redacted or substituted.",Numerical workflow uses compiled inputs. Full source verification requires exact original bytes in a private disposable copy.
sources/files/annual_25605_2024.pdf,7619f0d50e73b0f0e4b9c2ed36b311c5bd0ee3815c90e0d532e5cf83e205ff70,3ca8e572428e36391f2346b355ea4abf8687ac51,146215,"[""https://psc.ky.gov/UFR_PDF/%5CWater%5C2024%5C25605_Mountain_Water_District.pdf""]","[""category and territory comparability"", ""primary account endpoint"", ""reported supplier (incomplete exposure evidence)""]",false,original-host reference; not bundled,No redistribution grant established for this document type; use recorded original-host URL.,"Source identity, citations, pages and roles retained; original is not redacted or substituted.",Numerical workflow uses compiled inputs. Full source verification requires exact original bytes in a private disposable copy.
sources/files/7000300_tariff_3cfc52943296.pdf,65481dafa4d5cddfa9c8d9354173c7deb41ab84c85ccb0abe096ebab15ebf36a,3cfc52943296441f320c50c05701986dc997c4db,3857857,"[""https://psc.ky.gov/tariffs/Water/Districts,%20Associations,%20%26%20Privately%20Owned/Letcher%20County%20Water%20and%20Sewer%20District/Tariff.pdf"", ""https://psc.ky.gov/tariffs/Water/Districts,%20Associations,%20&%20Privately%20Owned/Letcher%20County%20Water%20and%20Sewer%20District/Tariff.pdf""]","[""category and territory comparability"", ""documented schedule/amendment ledger"", ""primary endpoint tariff""]",false,original-host reference; not bundled,No redistribution grant established for this document type; use recorded original-host URL.,"Source identity, citations, pages and roles retained; original is not redacted or substituted.",Numerical workflow uses compiled inputs. Full source verification requires exact original bytes in a private disposable copy.
sources/files/24500_tariff_3e2ef36d6243.pdf,52582ea2c9fb6711306142125175e503eab618893ab1f646e12850842a389c79,3e2ef36d6243906af15bf2dbceaef78aa912979f,64215,"[""https://psc.ky.gov/tariffs/Water/Districts,%20Associations,%20%26%20Privately%20Owned/Lyon%20County%20Water%20District/Cancelled%20Tariff%20Pages/2021/Monthly%20Rates/06-01.pdf""]","[""category and territory comparability"", ""documented schedule/amendment ledger"", ""primary endpoint tariff""]",false,original-host reference; not bundled,No redistribution grant established for this document type; use recorded original-host URL.,"Source identity, citations, pages and roles retained; original is not redacted or substituted.",Numerical workflow uses compiled inputs. Full source verification requires exact original bytes in a private disposable copy.
sources/files/31400_tariff_3ef8c37d575a.pdf,28c753ae51152ccdb039321bf463f4a074e10b8b5cecfef1e496052055f00131,3ef8c37d575aa911655b76f28c8b9b119b9ecb44,829515,"[""https://psc.ky.gov/tariffs/Water/Districts,%20Associations,%20%26%20Privately%20Owned/Union%20County%20Water%20District/Cancelled%20Tariff%20Pages/2025/Monthly%20Rates/01-01.pdf""]","[""broader tariff or documentary context""]",false,original-host reference; not bundled,No redistribution grant established for this document type; use recorded original-host URL.,"Source identity, citations, pages and roles retained; original is not redacted or substituted.",Numerical workflow uses compiled inputs. Full source verification requires exact original bytes in a private disposable copy.
sources/files/2021-00232_20210706_PSC_ORDER.pdf,4c537b4c59e2fd41eb9ab0792be4a772df363ee96ddbd1f296b5aa71debdb8fb,413b8441403636e1f3e5bad41115c18113e8e8aa,182012,"[""https://psc.ky.gov/pscscf/2021%20Cases/2021-00232//20210706_PSC_ORDER.pdf""]","[""documented schedule/amendment ledger""]",true,bundled original administrative ruling,"Official PSC order; distribution recommended on government-edicts basis, not a project license.",Prior privacy screening plus targeted order-structure checks; no exhaustive clearance asserted.,Original bytes available for separate source-file verification; numerical execution uses compiled inputs.
sources/files/26000_tariff_43200511eb39.pdf,165a2d61d899627b49df8cdc6ab46886a86f0e6cf8be5005fe49b3d4c01c06f5,43200511eb39775e4554512030b5ee52f090b8cd,2484633,"[""https://psc.ky.gov/tariffs/Water/Districts,%20Associations,%20%26%20Privately%20Owned/Muhlenberg%20County%20Water%20District%20Number%203/Tariff.pdf""]","[""category and territory comparability"", ""primary endpoint tariff""]",false,original-host reference; not bundled,No redistribution grant established for this document type; use recorded original-host URL.,"Source identity, citations, pages and roles retained; original is not redacted or substituted.",Numerical workflow uses compiled inputs. Full source verification requires exact original bytes in a private disposable copy.
sources/files/2022-00337_20221107_PSC_ORDER.pdf,5687359688c81a2bf3ed6a98bfba6a9199eac76e1528415fc0ab11a847045653,44776e5678d04d920f4dfaa50c0e3011d4e304d0,154229,"[""https://psc.ky.gov/pscscf/2022%20Cases/2022-00337//20221107_PSC_ORDER.pdf""]","[""documented schedule/amendment ledger""]",true,bundled original administrative ruling,"Official PSC order; distribution recommended on government-edicts basis, not a project license.",Prior privacy screening plus targeted order-structure checks; no exhaustive clearance asserted.,Original bytes available for separate source-file verification; numerical execution uses compiled inputs.
sources/files/psc_about.html,47d515b1cd1b2e6e802a9293b18f752baa790e2d609c63c983741673ac6bec77,4488163d93e93bd1665f5946d75547948bc42e58,28289,"[""https://psc.ky.gov/Home/About""]","[""institutional or literature context""]",false,original-host reference; not bundled,No redistribution grant established for this document type; use recorded original-host URL.,"Source identity, citations, pages and roles retained; original is not redacted or substituted.",Numerical workflow uses compiled inputs. Full source verification requires exact original bytes in a private disposable copy.
sources/files/25605_tariff_451340cc55ad.pdf,292063e951c4f2c5ecbc9981676ac34f96fdb6cec34babcd4c919f0fba2b375b,451340cc55ad3e5424187639f00e6fe5e7e44b15,179957,"[""https://psc.ky.gov/tariffs/Water/Districts,%20Associations,%20%26%20Privately%20Owned/Mountain%20Water%20District/Cancelled%20Tariff%20Pages/2020/Monthly%20Water%20Rates/02-28.pdf""]","[""category and territory comparability"", ""documented schedule/amendment ledger"", ""primary endpoint tariff""]",false,original-host reference; not bundled,No redistribution grant established for this document type; use recorded original-host URL.,"Source identity, citations, pages and roles retained; original is not redacted or substituted.",Numerical workflow uses compiled inputs. Full source verification requires exact original bytes in a private disposable copy.
sources/files/annual_27000_2024.pdf,18f69413c0d02e0fe5619b707f7202c455180453fcf13d73b7b5e708e8cb4baf,47138b8ed8d8b654b9ad39cc03d6455851eca63b,315590,"[""https://psc.ky.gov/UFR_PDF/%5CWater%5C2024%5C27000_North_Mercer_Water_District.pdf""]","[""category and territory comparability"", ""primary account endpoint"", ""reported supplier (incomplete exposure evidence)""]",false,original-host reference; not bundled,No redistribution grant established for this document type; use recorded original-host URL.,"Source identity, citations, pages and roles retained; original is not redacted or substituted.",Numerical workflow uses compiled inputs. Full source verification requires exact original bytes in a private disposable copy.
sources/files/27000_tariff_47bd1549d531.pdf,2150c37a9a2d07484c248dddb1beae92a89c15cbe24a1dd904970eedb4fe928a,47bd1549d53126fb6dcddb99641948e51f84e3fc,274137,"[""https://psc.ky.gov/tariffs/Water/Districts,%20Associations,%20%26%20Privately%20Owned/North%20Mercer%20Water%20District/Cancelled%20Tariff%20Pages/2023/Monthly%20Water%20Rates/09-08.pdf""]","[""documented schedule/amendment ledger""]",false,original-host reference; not bundled,No redistribution grant established for this document type; use recorded original-host URL.,"Source identity, citations, pages and roles retained; original is not redacted or substituted.",Numerical workflow uses compiled inputs. Full source verification requires exact original bytes in a private disposable copy.
sources/files/19201_tariff_48448b879544.pdf,1c5f329a8eadaa16aea591f91904207aeef067e76b64293abcc1dc3850a18596,48448b8795443bd9470e695e84f8ab1fa7502ad3,200352,"[""https://psc.ky.gov/tariffs/Water/Districts,%20Associations,%20%26%20Privately%20Owned/Caldwell%20County%20Water%20District/Cancelled%20Tariff%20Pages/2025/Monthly%20Rates/01-01.pdf""]","[""broader tariff or documentary context""]",false,original-host reference; not bundled,No redistribution grant established for this document type; use recorded original-host URL.,"Source identity, citations, pages and roles retained; original is not redacted or substituted.",Numerical workflow uses compiled inputs. Full source verification requires exact original bytes in a private disposable copy.
sources/files/western_fleming_apr2023_memo.pdf,d72a0b0636ba5267df814d4b3409e54cccd2be768f61626a8bb8a1ba07433652,497609860bae9f6719d79966be98ee6280fcc635,166229,"[""https://psc.ky.gov/pscscf/2022%20cases/2022-00305//20230405_PSC%20Letter%20Filing%20IC%20Memo%20into%20the%20Record.pdf""]","[""recurring charge and billing qualification""]",false,original-host reference; not bundled,No redistribution grant established for this document type; use recorded original-host URL.,"Source identity, citations, pages and roles retained; original is not redacted or substituted.",Numerical workflow uses compiled inputs. Full source verification requires exact original bytes in a private disposable copy.
sources/files/annual_28300_2024.pdf,dde05355e1e3acd159c547fb1c190bd834e4855e8c23d1d9d687223babdb6945,49a7f77b26f2051b24bdd60421757b66e7c46f4f,86971,"[""https://psc.ky.gov/UFR_PDF/%5CWater%5C2024%5C28300_Powell%60s_Valley_Water_District.pdf""]","[""category and territory comparability"", ""primary account endpoint"", ""reported supplier (incomplete exposure evidence)""]",false,original-host reference; not bundled,No redistribution grant established for this document type; use recorded original-host URL.,"Source identity, citations, pages and roles retained; original is not redacted or substituted.",Numerical workflow uses compiled inputs. Full source verification requires exact original bytes in a private disposable copy.
sources/files/19400_tariff_4db405702395.pdf,1c29b1679bd7b38a70282d11cc6c5639b9ef941eced9d60db48bf5f34ce31466,4db405702395db6b0f5068277bb9ac71863940cf,1328171,"[""https://psc.ky.gov/tariffs/Water/Districts,%20Associations,%20%26%20Privately%20Owned/Knott%20County%20Water%20%26%20Sewer%20District/Tariff.pdf""]","[""category and territory comparability"", ""documented schedule/amendment ledger"", ""primary endpoint tariff""]",false,original-host link; exact original required for complete source-file verification,customer identifiers,PDF page 6 names three customers covered by a special well-loss arrangement excluded from the benchmark.,Required for complete original-source verification; numerical reproduction uses the fixed compiled coding without this original.
sources/files/annual_19400_2024.pdf,920c92e2d9864d40828a24aa085698f994bb1c10eb7b0ba598197e5b26e46536,4fd0c09c08c973097344927830c839e66a4433b4,301074,"[""https://psc.ky.gov/UFR_PDF/%5CWater%5C2024%5C19400_Knott_County_Water_%20and%20_Sewer_District.pdf""]","[""category and territory comparability"", ""primary account endpoint"", ""reported supplier (incomplete exposure evidence)""]",false,original-host reference; not bundled,No redistribution grant established for this document type; use recorded original-host URL.,"Source identity, citations, pages and roles retained; original is not redacted or substituted.",Numerical workflow uses compiled inputs. Full source verification requires exact original bytes in a private disposable copy.
sources/files/east_financial.pdf,e914f11bf87e0a664d3b24337366fedcf5561564d8c7f8b15be3a1566d89e1cf,506e04a1869db7c5540528b5de9716614ba9f8cc,390780,"[""https://psc.ky.gov/Utility_Financial_Reports_Net/uploaded/support/SD_21200_2024_1.pdf""]","[""excluded-district or source-conflict evidence""]",false,original-host reference; not bundled,No redistribution grant established for this document type; use recorded original-host URL.,"Source identity, citations, pages and roles retained; original is not redacted or substituted.",Numerical workflow uses compiled inputs. Full source verification requires exact original bytes in a private disposable copy.
sources/files/32500_tariff_519816184979.pdf,d2f5cc97c66a436c050b3769df6d6a373ac5001f0b5e2d5801972c31b6e26ef6,5198161849798a3f679a91862c8f1c8df1462cc1,4235846,"[""https://psc.ky.gov/tariffs/Water/Districts,%20Associations,%20%26%20Privately%20Owned/Western%20Fleming%20County%20Water%20District/Tariff.pdf""]","[""category and territory comparability"", ""documented schedule/amendment ledger"", ""primary endpoint tariff""]",false,original-host reference; not bundled,No redistribution grant established for this document type; use recorded original-host URL.,"Source identity, citations, pages and roles retained; original is not redacted or substituted.",Numerical workflow uses compiled inputs. Full source verification requires exact original bytes in a private disposable copy.
sources/files/19400_tariff_51ad07ca6ab4.pdf,eebf77b426dc97bd8ee05d9dac49c67e098043de52a00f6e5111b2ff102986a8,51ad07ca6ab49b71b8a5c1b7c901e4fb58c69dde,72957,"[""https://psc.ky.gov/tariffs/Water/Districts,%20Associations,%20%26%20Privately%20Owned/Knott%20County%20Water%20%26%20Sewer%20District/Cancelled%20Tariff%20Pages/2020/Monthly%20Rates/01-31.pdf""]","[""category and territory comparability"", ""documented schedule/amendment ledger"", ""primary endpoint tariff""]",false,original-host reference; not bundled,No redistribution grant established for this document type; use recorded original-host URL.,"Source identity, citations, pages and roles retained; original is not redacted or substituted.",Numerical workflow uses compiled inputs. Full source verification requires exact original bytes in a private disposable copy.
sources/files/22700_tariff_5207a0219760.pdf,743b60e931d858157da9a28b39e06f2fcfc6a086f1ffb4d98e18143df13be134,5207a021976056d1162899a74c172b014f0ccc22,182951,"[""https://psc.ky.gov/tariffs/Water/Districts,%20Associations,%20%26%20Privately%20Owned/Henderson%20County%20Water%20District/Cancelled%20Tariff%20Pages/2024/Monthly%20Water%20Rates/01-01.pdf""]","[""documented schedule/amendment ledger""]",false,original-host reference; not bundled,No redistribution grant established for this document type; use recorded original-host URL.,"Source identity, citations, pages and roles retained; original is not redacted or substituted.",Numerical workflow uses compiled inputs. Full source verification requires exact original bytes in a private disposable copy.
sources/files/25605_tariff_5221e9ce783f.pdf,8b991cbcf6fa500a32e0522dd80115ce76c737a0b161719cb23add8c5fc445e6,5221e9ce783f053fa36c63f228d6e268e33a647f,4451973,"[""https://psc.ky.gov/tariffs/Water/Districts,%20Associations,%20%26%20Privately%20Owned/Mountain%20Water%20District/Tariff.pdf""]","[""category and territory comparability"", ""documented schedule/amendment ledger"", ""primary endpoint tariff""]",false,original-host reference; not bundled,No redistribution grant established for this document type; use recorded original-host URL.,"Source identity, citations, pages and roles retained; original is not redacted or substituted.",Numerical workflow uses compiled inputs. Full source verification requires exact original bytes in a private disposable copy.
sources/files/mountain_2026_order.pdf,dc5c7f5e1461ea3ba8fcd123d5dd86bb7620e0ed22f59ab07abfd512ed73ec63,5271960f89b8016727a1e94d4dc23dc3c13223c0,1064282,"[""https://psc.ky.gov/order_vault/Orders_2026/202500327_09022026.pdf""]","[""excluded-district or source-conflict evidence""]",true,bundled original administrative ruling,"Official PSC order; distribution recommended on government-edicts basis, not a project license.",Prior privacy screening plus targeted order-structure checks; no exhaustive clearance asserted.,Original bytes available for separate source-file verification; numerical execution uses compiled inputs.
sources/files/30600_tariff_52924a0a7fd3.pdf,e923a418ab0b7c4362d29b6d968235f2a4b5843c3280ea051ed219670bd8f772,52924a0a7fd33ce6926fa4c968da5eca292592ad,174947,"[""https://psc.ky.gov/tariffs/Water/Districts,%20Associations,%20%26%20Privately%20Owned/Southern%20Madison%20Water%20District/Cancelled%20Tariff%20Pages/2023/Monthly%20Water%20Rates/03-09.pdf""]","[""broader tariff or documentary context""]",false,original-host reference; not bundled,No redistribution grant established for this document type; use recorded original-host URL.,"Source identity, citations, pages and roles retained; original is not redacted or substituted.",Numerical workflow uses compiled inputs. Full source verification requires exact original bytes in a private disposable copy.
sources/files/2022-00013_20220210_PSC_ORDER.pdf,e499b81e72bb6710fcc7aee5ce3c4717105ba93be43802aa5470b5108587affd,557c0c41c576943ee74d494802d2a982906feedc,184299,"[""https://psc.ky.gov/pscscf/2022%20Cases/2022-00013//20220210_PSC_ORDER.pdf""]","[""documented schedule/amendment ledger""]",true,bundled original administrative ruling,"Official PSC order; distribution recommended on government-edicts basis, not a project license.",Prior privacy screening plus targeted order-structure checks; no exhaustive clearance asserted.,Original bytes available for separate source-file verification; numerical execution uses compiled inputs.
sources/files/31200_2022.pdf,b3dd0502840efa6a6c84eda153951033566ecc2d24d8a98f282335b625ad0639,58dc1103ffa697d7b74bdf5d45e8eb3c41d6981f,122129,"[""https://psc.ky.gov/UFR_PDF/%5CWater%5C2022%5C31200_Trimble_County_Water_District__1.pdf""]","[""excluded-district or source-conflict evidence""]",false,original-host reference; not bundled,No redistribution grant established for this document type; use recorded original-host URL.,"Source identity, citations, pages and roles retained; original is not redacted or substituted.",Numerical workflow uses compiled inputs. Full source verification requires exact original bytes in a private disposable copy.
sources/files/2023-00268_20230915_PSC_ORDER.pdf,7e94e6dc75c91793387ff22cc1a86722607c8b5851dbc942e300e0d29a0a937f,594a7877f60665ce5dd0ff21d679287b396c89cb,228527,"[""https://psc.ky.gov/pscscf/2023%20Cases/2023-00268//20230915_PSC_ORDER.pdf""]","[""documented schedule/amendment ledger""]",true,bundled original administrative ruling,"Official PSC order; distribution recommended on government-edicts basis, not a project license.",Prior privacy screening plus targeted order-structure checks; no exhaustive clearance asserted.,Original bytes available for separate source-file verification; numerical execution uses compiled inputs.
sources/files/23000_tariff_59542a64987a.pdf,955a6481bb91b828d98f680ed4b696967ebaecb5569c3b48e91a1e046d82e44c,59542a64987a4625c7d2060cb0d713043dbe8e17,3333259,"[""https://psc.ky.gov/tariffs/Water/Districts,%20Associations,%20%26%20Privately%20Owned/Henry%20County%20Water%20District%20Number%202/Tariff.pdf""]","[""broader tariff or documentary context""]",false,original-host reference; not bundled,No redistribution grant established for this document type; use recorded original-host URL.,"Source identity, citations, pages and roles retained; original is not redacted or substituted.",Numerical workflow uses compiled inputs. Full source verification requires exact original bytes in a private disposable copy.
sources/files/20200_tariff_5ac107ae7e22.pdf,67bac9eae2947501681ec61530e9c9ab2cb924bb6890aba274855b6e58a78633,5ac107ae7e22387af72a2699ce2281cdf42f258f,240046,"[""https://psc.ky.gov/tariffs/Water/Districts,%20Associations,%20%26%20Privately%20Owned/Cumberland%20Falls%20Highway%20Water%20District/Cancelled%20Tariff%20Pages/2026/Monthly%20Rates/03-05.pdf""]","[""category and territory comparability"", ""documented schedule/amendment ledger"", ""primary endpoint tariff""]",false,original-host reference; not bundled,No redistribution grant established for this document type; use recorded original-host URL.,"Source identity, citations, pages and roles retained; original is not redacted or substituted.",Numerical workflow uses compiled inputs. Full source verification requires exact original bytes in a private disposable copy.
sources/files/psc_annual_index_2023.html,90df485c01a8797c9209c8d2d8e510bd853eb3f7bde0af4d9a2b9d647004a051,5ac7d880fb895d93d6346ffbc4d1f8b2532dc985,254952,[],"[""institutional or literature context""]",false,held; original URL unresolved,Original URL not recorded; saved Commonwealth page asserts reserved rights.,Expected identity retained. Discovery route: https://psc.ky.gov/WebNet/ListLibrary/ANN ; not claimed as the exact original URL.,Not required as an original-file numerical input; missing in strict full source verification.
sources/files/26400_tariff_5b74b19795c4.pdf,011a6d91bbd08d29598d20f2458f7ea57e66dd0636fae2c68c7c73cd6b85bc9e,5b74b19795c4704c50182ca7abb529dddeecf41b,256575,"[""https://psc.ky.gov/tariffs/Water/Districts,%20Associations,%20%26%20Privately%20Owned/Nebo%20Water%20District/Cancelled%20Tariff%20Pages/2024/Monthly%20Rates/04-25.pdf""]","[""documented schedule/amendment ledger""]",false,original-host reference; not bundled,No redistribution grant established for this document type; use recorded original-host URL.,"Source identity, citations, pages and roles retained; original is not redacted or substituted.",Numerical workflow uses compiled inputs. Full source verification requires exact original bytes in a private disposable copy.
sources/files/henry_utility_tariff.pdf,ca72d5160c8b00f08d3f882a2be6e0a0d005abe4f214b9a1b7033556f41a8d2b,5b899049190d53421ea04e82b1361bed2367e76b,14498,"[""https://www.hcwd2.com/uploads/8/1/0/1/81015190/tarrif_1.pdf""]","[""excluded-district or source-conflict evidence""]",false,original-host reference; not bundled,No redistribution grant established for this document type; use recorded original-host URL.,"Source identity, citations, pages and roles retained; original is not redacted or substituted.",Numerical workflow uses compiled inputs. Full source verification requires exact original bytes in a private disposable copy.
sources/files/18500_tariff_5be1591a9594.pdf,7985acd3a18afb0926e8a1c3fdd1f214e75aecf4d38c30c2e793e25798d914e3,5be1591a95949190fd3f39fe157b2e97407c70ff,2484567,"[""https://psc.ky.gov/tariffs/Water/Districts,%20Associations,%20%26%20Privately%20Owned/Barkley%20Lake%20Water%20District/Tariff.pdf""]","[""broader tariff or documentary context""]",false,original-host reference; not bundled,No redistribution grant established for this document type; use recorded original-host URL.,"Source identity, citations, pages and roles retained; original is not redacted or substituted.",Numerical workflow uses compiled inputs. Full source verification requires exact original bytes in a private disposable copy.
sources/files/2023-00371_20240830_PSC_ORDER.pdf,85f6e127e3856597f6a17f4e3d0ffb42d6a6314777471ef1077de574f998b061,5fdc59e2ea2c2b4e714235ae370b46e58b4b9ce5,553681,"[""https://psc.ky.gov/pscscf/2023%20Cases/2023-00371//20240830_PSC_ORDER.pdf""]","[""documented schedule/amendment ledger""]",true,bundled original administrative ruling,"Official PSC order; distribution recommended on government-edicts basis, not a project license.",Prior privacy screening plus targeted order-structure checks; no exhaustive clearance asserted.,Original bytes available for separate source-file verification; numerical execution uses compiled inputs.
sources/files/henderson_feb2024.pdf,324343d510c5d689a49515f92d591c1c9cbf0bbeb2673e900774903387ee13bb,606874daf056979f7490a52bca44f45dbd106882,19293,"[""https://psc.ky.gov/pscecf/2023-00333/mjulian%40hendersoncounty.ky.gov/03152024104706/Feb_2024_PSC_Water_Loss_Surcharge_Reporting_Form.pdf""]","[""recurring charge and billing qualification""]",false,original-host reference; not bundled,No redistribution grant established for this document type; use recorded original-host URL.,"Source identity, citations, pages and roles retained; original is not redacted or substituted.",Numerical workflow uses compiled inputs. Full source verification requires exact original bytes in a private disposable copy.
sources/files/annual_7000300_2019.pdf,fbf3c4ad0c2ae99d07e7296a95b1f3e117634379256982ce96aa4c1e3a0d2838,63b64fed1ff5857afc79d515639584c0c949f2a0,457941,"[""https://psc.ky.gov/UFR_PDF/%5CWater%5C2019%5C7000300_Letcher_County_Water_and_Sewer_District.pdf""]","[""category and territory comparability"", ""primary account endpoint"", ""reported supplier (incomplete exposure evidence)""]",false,original-host reference; not bundled,No redistribution grant established for this document type; use recorded original-host URL.,"Source identity, citations, pages and roles retained; original is not redacted or substituted.",Numerical workflow uses compiled inputs. Full source verification requires exact original bytes in a private disposable copy.
sources/files/annual_20200_2024.pdf,183019c7204f03636e61e116514aa617753fac23faeb6ee6734848c8374cdf35,643a2e2f03149c08635c66d2f39ce06f3f10dcc3,356813,"[""https://psc.ky.gov/UFR_PDF/%5CWater%5C2024%5C20200_Cumberland_Falls_Highway_Water_District.pdf""]","[""category and territory comparability"", ""primary account endpoint"", ""reported supplier (incomplete exposure evidence)""]",false,original-host reference; not bundled,No redistribution grant established for this document type; use recorded original-host URL.,"Source identity, citations, pages and roles retained; original is not redacted or substituted.",Numerical workflow uses compiled inputs. Full source verification requires exact original bytes in a private disposable copy.
sources/files/mountain_ic_memo.pdf,d63e762426692223b65f845b1e680056738841ec950d9380678fc02aae832e2b,66513441d6e2d13f61a3ed69289a069b4e46ec75,441538,"[""https://psc.ky.gov/pscscf/Post%20Case%20Referenced%20Correspondence/2022%20cases/2022-00366/20240918_PSC%20Letter%20Filing%20IC%20Memo%20and%20Sign%20In%20Sheet%20into%20the%20Record.pdf""]","[""excluded-district or source-conflict evidence""]",false,original-host reference; not bundled,No redistribution grant established for this document type; use recorded original-host URL.,"Source identity, citations, pages and roles retained; original is not redacted or substituted.",Numerical workflow uses compiled inputs. Full source verification requires exact original bytes in a private disposable copy.
sources/files/27000_tariff_6b59c07c9b72.pdf,9c19a2fa44fbd6c4cd615c74a664a5c987fb71de44208988863ec15c48386af9,6b59c07c9b725825c1b0aedb5aded0171605a3bf,3239070,"[""https://psc.ky.gov/tariffs/Water/Districts,%20Associations,%20%26%20Privately%20Owned/North%20Mercer%20Water%20District/Tariff.pdf""]","[""category and territory comparability"", ""documented schedule/amendment ledger"", ""primary endpoint tariff""]",false,original-host reference; not bundled,No redistribution grant established for this document type; use recorded original-host URL.,"Source identity, citations, pages and roles retained; original is not redacted or substituted.",Numerical workflow uses compiled inputs. Full source verification requires exact original bytes in a private disposable copy.
sources/files/2021-00391_20220513_PSC_ORDER.pdf,1602cb6f6a2ec9f14061c4ddc110ccfffbca9386c879d9d72716ae36952f7205,6b6b5d6337faa0d0a8318e6a7e64fe488b2856de,291789,"[""https://psc.ky.gov/pscscf/2021%20Cases/2021-00391//20220513_PSC_ORDER.pdf""]","[""documented schedule/amendment ledger""]",true,bundled original administrative ruling,"Official PSC order; distribution recommended on government-edicts basis, not a project license.",Prior privacy screening plus targeted order-structure checks; no exhaustive clearance asserted.,Original bytes available for separate source-file verification; numerical execution uses compiled inputs.
sources/files/29800_tariff_6e46e54a9606.pdf,d0ecaf83ed0f4362bc81835cc1c0aa61b90d45e3008508e497d325b9e08ac47e,6e46e54a9606dfbae65f95855c9662da7048d7d9,5565274,"[""https://psc.ky.gov/tariffs/Water/Districts,%20Associations,%20%26%20Privately%20Owned/South%20Anderson%20Water%20District/Tariff.pdf""]","[""category and territory comparability"", ""documented schedule/amendment ledger"", ""primary endpoint tariff""]",false,original-host reference; not bundled,No redistribution grant established for this document type; use recorded original-host URL.,"Source identity, citations, pages and roles retained; original is not redacted or substituted.",Numerical workflow uses compiled inputs. Full source verification requires exact original bytes in a private disposable copy.
sources/files/22500_tariff_6f5a79c98af3.pdf,cce419dd84c2d1fe86c3a96b8e55f5ab32b2532e7a154fc4ae07166d240edf20,6f5a79c98af35de7a98edc73642ec5205a077a07,2308910,"[""https://psc.ky.gov/tariffs/Water/Districts,%20Associations,%20%26%20Privately%20Owned/Hardin%20County%20Water%20District%20Number%201/Tariff.pdf""]","[""documented schedule/amendment ledger""]",false,original-host reference; not bundled,No redistribution grant established for this document type; use recorded original-host URL.,"Source identity, citations, pages and roles retained; original is not redacted or substituted.",Numerical workflow uses compiled inputs. Full source verification requires exact original bytes in a private disposable copy.
sources/files/annual_24500_2024.pdf,e3e361c80c4af03add6678a0d0abea50cb38d81ee3dedfc0b49b2e666e76c82c,6fcaab2e5d0a2c15a96ff86645cf0c5f50318609,137100,"[""https://psc.ky.gov/UFR_PDF/%5CWater%5C2024%5C24500_Lyon_County_Water_District.pdf""]","[""category and territory comparability"", ""primary account endpoint"", ""reported supplier (incomplete exposure evidence)""]",false,original-host reference; not bundled,No redistribution grant established for this document type; use recorded original-host URL.,"Source identity, citations, pages and roles retained; original is not redacted or substituted.",Numerical workflow uses compiled inputs. Full source verification requires exact original bytes in a private disposable copy.
sources/files/27000_tariff_70a7384c1070.pdf,f2ad437c3e60b97cf4cd4e44cf118095b8a091feff0d37b123101817fd048c77,70a7384c10700de05338a71ba023c9b1faf361be,181393,"[""https://psc.ky.gov/tariffs/Water/Districts,%20Associations,%20%26%20Privately%20Owned/North%20Mercer%20Water%20District/Cancelled%20Tariff%20Pages/2024/Monthly%20Rates/10-08.pdf""]","[""documented schedule/amendment ledger""]",false,original-host reference; not bundled,No redistribution grant established for this document type; use recorded original-host URL.,"Source identity, citations, pages and roles retained; original is not redacted or substituted.",Numerical workflow uses compiled inputs. Full source verification requires exact original bytes in a private disposable copy.
sources/files/26600_tariff_7135fdb70913.pdf,cea998fd6bafaa01bc13af60b413e88a7dc0eb07427054a4220e3ef4d066010c,7135fdb709131985cb4a27a71643da9d46ac7a9c,54738,"[""https://psc.ky.gov/tariffs/Water/Districts,%20Associations,%20%26%20Privately%20Owned/North%20Hopkins%20Water%20District/Cancelled%20Tariff%20Pages/2025/Monthly%20Water%20Rates/07-01.pdf""]","[""broader tariff or documentary context""]",false,original-host reference; not bundled,No redistribution grant established for this document type; use recorded original-host URL.,"Source identity, citations, pages and roles retained; original is not redacted or substituted.",Numerical workflow uses compiled inputs. Full source verification requires exact original bytes in a private disposable copy.
sources/files/annual_25605_2019.pdf,6ca957c6a1919270ccaa7dc0f782dff702dbf860ce6388ec81ce9824421ae02a,71836ca006848acca7be511b0a1f0462beee76d4,148695,"[""https://psc.ky.gov/UFR_PDF/%5CWater%5C2019%5C25605_Mountain_Water_District.pdf""]","[""category and territory comparability"", ""primary account endpoint"", ""reported supplier (incomplete exposure evidence)""]",false,original-host reference; not bundled,No redistribution grant established for this document type; use recorded original-host URL.,"Source identity, citations, pages and roles retained; original is not redacted or substituted.",Numerical workflow uses compiled inputs. Full source verification requires exact original bytes in a private disposable copy.
sources/files/annual_24100_2019.pdf,b325ea7c06ea70ed9bac0ac3f02bf35b789c649e8fd881d5d17764d8402e3531,7326b180a4c35fe8890ce14e1d993555a44ac670,329266,"[""https://psc.ky.gov/UFR_PDF/%5CWater%5C2019%5C24100_Laurel_County_Water_District__2.pdf""]","[""category and territory comparability"", ""primary account endpoint"", ""reported supplier (incomplete exposure evidence)""]",false,original-host reference; not bundled,No redistribution grant established for this document type; use recorded original-host URL.,"Source identity, citations, pages and roles retained; original is not redacted or substituted.",Numerical workflow uses compiled inputs. Full source verification requires exact original bytes in a private disposable copy.
sources/files/31800_2019.pdf,5bb014d1f2e80544aeafe0acdf51ac5852cb65fc69d2bfd62571077c329e74bf,73598e5cff9ad6a858075a59fb2043e6635b8c21,177556,"[""https://psc.ky.gov/UFR_PDF/%5CWater%5C2019%5C31800_Webster_County_Water_District.pdf""]","[""excluded-district or source-conflict evidence""]",false,original-host reference; not bundled,No redistribution grant established for this document type; use recorded original-host URL.,"Source identity, citations, pages and roles retained; original is not redacted or substituted.",Numerical workflow uses compiled inputs. Full source verification requires exact original bytes in a private disposable copy.
sources/files/26000_tariff_7435ff2a6a20.pdf,7106fe7e315c1c72a5d300c305148a4bc3537a35106678536d323218a2961b49,7435ff2a6a2097979d6014bb65093765fee9d8a9,48317,"[""https://psc.ky.gov/tariffs/Water/Districts,%20Associations,%20%26%20Privately%20Owned/Muhlenberg%20County%20Water%20District%20Number%203/Cancelled%20Tariff%20Pages/2022/Monthly%20Water%20Rates/08-31.pdf""]","[""category and territory comparability"", ""documented schedule/amendment ledger"", ""primary endpoint tariff""]",false,original-host reference; not bundled,No redistribution grant established for this document type; use recorded original-host URL.,"Source identity, citations, pages and roles retained; original is not redacted or substituted.",Numerical workflow uses compiled inputs. Full source verification requires exact original bytes in a private disposable copy.
sources/files/25000_tariff_74565cccb2d8.pdf,6385baf979d567f3d6c1aa904c86eb6e7ddf1e10645a1afa9f5133523fbe7c7b,74565cccb2d8f4d97e97924c1fa8c38cea0358f9,254030,"[""https://psc.ky.gov/tariffs/Water/Districts,%20Associations,%20%26%20Privately%20Owned/Martin%20County%20Water%20District/Cancelled%20Tariff%20Pages/2022/Monthly%20Rates/02-08.pdf""]","[""broader tariff or documentary context""]",false,original-host reference; not bundled,No redistribution grant established for this document type; use recorded original-host URL.,"Source identity, citations, pages and roles retained; original is not redacted or substituted.",Numerical workflow uses compiled inputs. Full source verification requires exact original bytes in a private disposable copy.
sources/files/21200_tariff_74ed049ae2e2.pdf,4d9b4a7ba63741b044553d5f439c8ee9d2dc95d8c823c44ad3ac103935d60c6b,74ed049ae2e21e8af96b803a614de955e526c1e6,250288,"[""https://psc.ky.gov/tariffs/Water/Districts,%20Associations,%20%26%20Privately%20Owned/East%20Pendleton%20Water%20District/Cancelled%20Tariff%20Pages/2025/Monthly%20Water%20Rates/06-13.pdf""]","[""broader tariff or documentary context""]",false,original-host reference; not bundled,No redistribution grant established for this document type; use recorded original-host URL.,"Source identity, citations, pages and roles retained; original is not redacted or substituted.",Numerical workflow uses compiled inputs. Full source verification requires exact original bytes in a private disposable copy.
sources/files/22500_tariff_772b36e3860c.pdf,57da214bfeb91a2af267c47c5859761b7134a97cfa218715d006c388461ecd05,772b36e3860c5e6dac01b89f846aa7dd69985562,328639,"[""https://psc.ky.gov/tariffs/Water/Districts,%20Associations,%20%26%20Privately%20Owned/Hardin%20County%20Water%20District%20Number%201/Cancelled%20Tariff%20Pages/2024/Rates,%20Surcharges,%20and%20Monthly%20Charges/09-26.pdf""]","[""documented schedule/amendment ledger""]",false,original-host reference; not bundled,No redistribution grant established for this document type; use recorded original-host URL.,"Source identity, citations, pages and roles retained; original is not redacted or substituted.",Numerical workflow uses compiled inputs. Full source verification requires exact original bytes in a private disposable copy.
sources/files/19201_2024.pdf,fcf2853f8af27a4a2ba54de464577b1027aaf0daf8df2206cbb64d88719193bc,77a0ae35736c94571f3b06f5230624bf3de8093d,407820,"[""https://psc.ky.gov/UFR_PDF/%5CWater%5C2024%5C19201_Caldwell_County_Water_District.pdf""]","[""excluded-district or source-conflict evidence""]",false,original-host reference; not bundled,No redistribution grant established for this document type; use recorded original-host URL.,"Source identity, citations, pages and roles retained; original is not redacted or substituted.",Numerical workflow uses compiled inputs. Full source verification requires exact original bytes in a private disposable copy.
sources/files/2023-00315_20240308_PSC_ORDER.pdf,30be4c39b5d72f1d7e09e19c5503a1ba26456174c4d222c92fa34cbd9ec2c7ee,793424ecd4303ed96038a828d500ad0f37e34647,138912,"[""https://psc.ky.gov/pscscf/2023%20Cases/2023-00315//20240308_PSC_ORDER.pdf""]","[""documented schedule/amendment ledger""]",true,bundled original administrative ruling,"Official PSC order; distribution recommended on government-edicts basis, not a project license.",Prior privacy screening plus targeted order-structure checks; no exhaustive clearance asserted.,Original bytes available for separate source-file verification; numerical execution uses compiled inputs.
sources/files/23300_tariff_79a3cdad5dd0.pdf,f81817493d9df736779a3d4451081c17ee2a171b743094d64231c96ebb9f46dc,79a3cdad5dd066e95e1622d6b159a1e620d7ac74,104602,"[""https://psc.ky.gov/tariffs/Water/Districts,%20Associations,%20%26%20Privately%20Owned/Hyden-Leslie%20County%20Water%20District/Cancelled%20Tariff%20Pages/2021/Monthly%20Rates/08-04.pdf""]","[""documented schedule/amendment ledger""]",false,original-host reference; not bundled,No redistribution grant established for this document type; use recorded original-host URL.,"Source identity, citations, pages and roles retained; original is not redacted or substituted.",Numerical workflow uses compiled inputs. Full source verification requires exact original bytes in a private disposable copy.
sources/files/annual_22500_2024.pdf,7b9b53c6f515b763914976d882e0e9ac83bcc3a912bb10f53988abd44d4574db,7aef55414e454148a0efa38d43abbb995ecad7f6,160348,"[""https://psc.ky.gov/UFR_PDF/%5CWater%5C2024%5C22500_Hardin_County_Water_District__1.pdf""]","[""category and territory comparability"", ""primary account endpoint"", ""reported supplier (incomplete exposure evidence)""]",false,original-host reference; not bundled,No redistribution grant established for this document type; use recorded original-host URL.,"Source identity, citations, pages and roles retained; original is not redacted or substituted.",Numerical workflow uses compiled inputs. Full source verification requires exact original bytes in a private disposable copy.
sources/files/24500_tariff_7c6d0f7a01eb.pdf,36062e28c4b074d60ca5d7f466b19ee677881cd064a74c47d2eedd9d0468da86,7c6d0f7a01eb19d8299285cc50eb41eb0a7dc8f4,121116,"[""https://psc.ky.gov/tariffs/Water/Districts,%20Associations,%20%26%20Privately%20Owned/Lyon%20County%20Water%20District/Cancelled%20Tariff%20Pages/2024/Monthly%20Rates%20%26%20NRCs/09-09.pdf""]","[""documented schedule/amendment ledger""]",false,original-host reference; not bundled,No redistribution grant established for this document type; use recorded original-host URL.,"Source identity, citations, pages and roles retained; original is not redacted or substituted.",Numerical workflow uses compiled inputs. Full source verification requires exact original bytes in a private disposable copy.
sources/files/7000300_tariff_7d330b9d3749.pdf,321ef5ad658edfe45102ba734454d5018a4474c7096eb9a7ea112a9f1e417ded,7d330b9d374927a159b5421a8f7b396b5a78ceb6,85968,"[""https://psc.ky.gov/tariffs/Water/Districts,%20Associations,%20%26%20Privately%20Owned/Letcher%20County%20Water%20and%20Sewer%20District/Cancelled%20Tariff%20Pages/2020/Rates%20and%20Charges/02-26.pdf"", ""https://psc.ky.gov/tariffs/Water/Districts,%20Associations,%20&%20Privately%20Owned/Letcher%20County%20Water%20and%20Sewer%20District/Cancelled%20Tariff%20Pages/2020/Rates%20and%20Charges/02-26.pdf""]","[""category and territory comparability"", ""documented schedule/amendment ledger"", ""primary endpoint tariff""]",false,original-host reference; not bundled,No redistribution grant established for this document type; use recorded original-host URL.,"Source identity, citations, pages and roles retained; original is not redacted or substituted.",Numerical workflow uses compiled inputs. Full source verification requires exact original bytes in a private disposable copy.
sources/files/annual_23300_2019.pdf,fd2788d5b36769df6f76f79c07b40983b5a6d8efa763bcf6c5f74519fd122398,7d71ecfa322fa0daa9d58bd52681ba0f9c64ee38,282787,"[""https://psc.ky.gov/UFR_PDF/%5CWater%5C2019%5C23300_Hyden-Leslie_County_Water_District.pdf""]","[""category and territory comparability"", ""primary account endpoint"", ""reported supplier (incomplete exposure evidence)""]",false,original-host reference; not bundled,No redistribution grant established for this document type; use recorded original-host URL.,"Source identity, citations, pages and roles retained; original is not redacted or substituted.",Numerical workflow uses compiled inputs. Full source verification requires exact original bytes in a private disposable copy.
sources/files/2021-00406_20220919_PSC_ORDER.pdf,5b950640665a06a69b347eed05f50a9200378e80561618cbe79e72c5a7e25bac,7d8616eaaa87a1fd576f220c75828101d7ef9b99,402894,"[""https://psc.ky.gov/pscscf/2021%20Cases/2021-00406//20220919_PSC_ORDER.pdf""]","[""documented schedule/amendment ledger"", ""recurring charge and billing qualification""]",true,bundled original administrative ruling,"Official PSC order; distribution recommended on government-edicts basis, not a project license.",Prior privacy screening plus targeted order-structure checks; no exhaustive clearance asserted.,Original bytes available for separate source-file verification; numerical execution uses compiled inputs.
sources/files/21900_tariff_7e2693149656.pdf,55a7b55d48086a82ef2960fe794e067cc71b125ba8cc979c8a3654b741f55741,7e26931496562946c5019ebe7a27904a43696ba2,27885,"[""https://psc.ky.gov/tariffs/Water/Districts,%20Associations,%20%26%20Privately%20Owned/Garrison-Quincy-KY-O-Heights%20Water%20District/Cancelled%20Tariff%20Pages/2021/Monthly%20Water%20Rates/11-24.pdf""]","[""broader tariff or documentary context""]",false,original-host reference; not bundled,No redistribution grant established for this document type; use recorded original-host URL.,"Source identity, citations, pages and roles retained; original is not redacted or substituted.",Numerical workflow uses compiled inputs. Full source verification requires exact original bytes in a private disposable copy.
sources/files/31800_tariff_7fd10c0c558e.pdf,86710c8aa79bb1f427d6fa972150acbbd842a0b3ac7725b22059cb433502f37b,7fd10c0c558e585f8286b8e4386eb38d8a13991d,101224,"[""https://psc.ky.gov/tariffs/Water/Districts,%20Associations,%20%26%20Privately%20Owned/Webster%20County%20Water%20District/Cancelled%20Tariff%20Pages/2025/Monthly%20Rates/12-23.pdf""]","[""broader tariff or documentary context""]",false,original-host reference; not bundled,No redistribution grant established for this document type; use recorded original-host URL.,"Source identity, citations, pages and roles retained; original is not redacted or substituted.",Numerical workflow uses compiled inputs. Full source verification requires exact original bytes in a private disposable copy.
sources/files/19900_tariff_817b21b2c243.pdf,bbcb04c93cc65fc89f0ba89dec5101c01d32ba72a2aadf69d57b787e5aa2c9fe,817b21b2c243f45146637954b09af4939a3f1a0d,98988,"[""https://psc.ky.gov/tariffs/Water/Districts,%20Associations,%20%26%20Privately%20Owned/Corinth%20Water%20District/Cancelled%20Tariff%20Pages/2021/Monthly%20Rates/05-30.pdf""]","[""documented schedule/amendment ledger""]",false,original-host reference; not bundled,No redistribution grant established for this document type; use recorded original-host URL.,"Source identity, citations, pages and roles retained; original is not redacted or substituted.",Numerical workflow uses compiled inputs. Full source verification requires exact original bytes in a private disposable copy.
sources/files/26900_tariff_8391fcc617a7.pdf,fd834904bf155ae12de2399e72012c398330aa36845c51111af03bf312302ee3,8391fcc617a79d939029f1e0150c2e8ec7de6af8,169136,"[""https://psc.ky.gov/tariffs/Water/Districts,%20Associations,%20%26%20Privately%20Owned/North%20McLean%20County%20Water%20District/Cancelled%20Tariff%20Pages/2021/Monthly%20Rates/02-25.pdf""]","[""documented schedule/amendment ledger""]",false,original-host reference; not bundled,No redistribution grant established for this document type; use recorded original-host URL.,"Source identity, citations, pages and roles retained; original is not redacted or substituted.",Numerical workflow uses compiled inputs. Full source verification requires exact original bytes in a private disposable copy.
sources/files/psc_pwa.html,4bb5782d6647d1905573c6ae49860d280aa28fe2473a5700a5fece74e98f9957,83d4dd81f64436539cc3201f01775eaa1c3078e2,16370,"[""https://psc.ky.gov/Home/PurchasedWaterAdjustment""]","[""institutional or literature context""]",false,original-host reference; not bundled,No redistribution grant established for this document type; use recorded original-host URL.,"Source identity, citations, pages and roles retained; original is not redacted or substituted.",Numerical workflow uses compiled inputs. Full source verification requires exact original bytes in a private disposable copy.
sources/files/2023-00333_monitor_85.pdf,e9fcc0a2592cefc35fc64ac6808ccd53b8774dee62371dbbfec94e6ea5e5bfa2,8550109c8d7296a52715588af4e8f205e8fae436,195276,"[""https://psc.ky.gov/pscecf/2023-00333/mjulian%40hendersoncounty.ky.gov/01142025125124/December_2024_Water_Loss_Surcharge_Reporting_Form.pdf""]","[""recurring charge and billing qualification""]",false,original-host reference; not bundled,No redistribution grant established for this document type; use recorded original-host URL.,"Source identity, citations, pages and roles retained; original is not redacted or substituted.",Numerical workflow uses compiled inputs. Full source verification requires exact original bytes in a private disposable copy.
sources/files/2024-00062_20240418_PSC_ORDER.pdf,03ef064c09b246991de7425b9e9208e3381a33e81fb1314c0b5e5dfa5ad6736a,88e2c362a3ea76d9a5aebbfaa9c812e1fc315081,253481,"[""https://psc.ky.gov/pscscf/2024%20Cases/2024-00062//20240418_PSC_ORDER.pdf""]","[""documented schedule/amendment ledger""]",true,bundled original administrative ruling,"Official PSC order; distribution recommended on government-edicts basis, not a project license.",Prior privacy screening plus targeted order-structure checks; no exhaustive clearance asserted.,Original bytes available for separate source-file verification; numerical execution uses compiled inputs.
sources/files/2023-00041_20230302_PSC_ORDER.pdf,48a53633995aca6798b52b7ebcb97a497fb978ffc81748bf30b35528ec3947a3,890498fb6f3fdd71d48da39de594be18012bc9c7,271730,"[""https://psc.ky.gov/pscscf/2023%20Cases/2023-00041//20230302_PSC_ORDER.pdf""]","[""documented schedule/amendment ledger""]",true,bundled original administrative ruling,"Official PSC order; distribution recommended on government-edicts basis, not a project license.",Prior privacy screening plus targeted order-structure checks; no exhaustive clearance asserted.,Original bytes available for separate source-file verification; numerical execution uses compiled inputs.
sources/files/annual_19900_2024.pdf,cde7fa437eee0af277fea4e951f12f6ebeb379905aa8985a34143df2494d82d4,89d0c29a725f9034977559e8507cb7fa61c8803e,121254,"[""https://psc.ky.gov/UFR_PDF/%5CWater%5C2024%5C19900_Corinth_Water_District.pdf""]","[""category and territory comparability"", ""primary account endpoint"", ""reported supplier (incomplete exposure evidence)""]",false,original-host reference; not bundled,No redistribution grant established for this document type; use recorded original-host URL.,"Source identity, citations, pages and roles retained; original is not redacted or substituted.",Numerical workflow uses compiled inputs. Full source verification requires exact original bytes in a private disposable copy.
sources/files/annual_27000_2019.pdf,9e46d319fc630aa516d298b106ff499f5e6ac6438abfcad85c3fa175e4982092,8a57263752b9ba437b937d5ff054ad147c76b633,208576,"[""https://psc.ky.gov/UFR_PDF/%5CWater%5C2019%5C27000_North_Mercer_Water_District.pdf""]","[""category and territory comparability"", ""primary account endpoint"", ""reported supplier (incomplete exposure evidence)""]",false,original-host reference; not bundled,No redistribution grant established for this document type; use recorded original-host URL.,"Source identity, citations, pages and roles retained; original is not redacted or substituted.",Numerical workflow uses compiled inputs. Full source verification requires exact original bytes in a private disposable copy.
sources/files/annual_32500_2019.pdf,3d6bfefb8a1ffd1018746e97b775c97b72de6ebe8cd196f03908a0535d6c1bf6,8a6c4770b14f383fdde0ccaae22c5a026769bc2d,356711,"[""https://psc.ky.gov/UFR_PDF/%5CWater%5C2019%5C32500_Western_Fleming_County_Water_District.pdf""]","[""category and territory comparability"", ""primary account endpoint"", ""reported supplier (incomplete exposure evidence)""]",false,original-host reference; not bundled,No redistribution grant established for this document type; use recorded original-host URL.,"Source identity, citations, pages and roles retained; original is not redacted or substituted.",Numerical workflow uses compiled inputs. Full source verification requires exact original bytes in a private disposable copy.
sources/files/2019-00456_20200330_PSC_ORDER.pdf,ba5fd632330577209f00d56cdc64a4185526dfba3d011d5bf3b43ba2ddebfa6a,8a978bb93c01679d9d35c8eede17f4945d18f692,224054,"[""https://psc.ky.gov/pscscf/2019%20Cases/2019-00456//20200330_PSC_ORDER.pdf""]","[""documented schedule/amendment ledger""]",true,bundled original administrative ruling,"Official PSC order; distribution recommended on government-edicts basis, not a project license.",Prior privacy screening plus targeted order-structure checks; no exhaustive clearance asserted.,Original bytes available for separate source-file verification; numerical execution uses compiled inputs.
sources/files/annual_26000_2024.pdf,7d57003fae9e78c928abbab4f464a6b2b2618853470cf63eda86042ef1ba0f17,8a9ce4f631c44a105232405a7962cd8ebd38b05d,396315,"[""https://psc.ky.gov/UFR_PDF/%5CWater%5C2024%5C26000_Muhlenberg_County_Water_District__3.pdf""]","[""category and territory comparability"", ""primary account endpoint"", ""reported supplier (incomplete exposure evidence)""]",false,original-host reference; not bundled,No redistribution grant established for this document type; use recorded original-host URL.,"Source identity, citations, pages and roles retained; original is not redacted or substituted.",Numerical workflow uses compiled inputs. Full source verification requires exact original bytes in a private disposable copy.
sources/files/21500_tariff_8e162391d567.pdf,9f4189337274176e186db93478edc2c451996b32c1204ae7db7acc9ec261c012,8e162391d567da754a4948cdd3a21e081a4c98b4,102538,"[""https://psc.ky.gov/tariffs/Water/Districts,%20Associations,%20%26%20Privately%20Owned/Estill%20County%20Water%20District/Cancelled%20Tariff%20Pages/2024/Monthly%20Rates/08-30.pdf""]","[""category and territory comparability"", ""documented schedule/amendment ledger"", ""primary endpoint tariff""]",false,original-host reference; not bundled,No redistribution grant established for this document type; use recorded original-host URL.,"Source identity, citations, pages and roles retained; original is not redacted or substituted.",Numerical workflow uses compiled inputs. Full source verification requires exact original bytes in a private disposable copy.
sources/files/2020-00158_20201028_PSC_ORDER.pdf,26dae7e8500ba9bd2ccf4dc73cef006e1b8916d86e61b3f8dd6aea9fad1ef7ce,8ed4b8540729c1ff25cce3fd884af27abbe360cc,251755,"[""https://psc.ky.gov/pscscf/2020%20Cases/2020-00158//20201028_PSC_ORDER.pdf""]","[""documented schedule/amendment ledger""]",true,bundled original administrative ruling,"Official PSC order; distribution recommended on government-edicts basis, not a project license.",Prior privacy screening plus targeted order-structure checks; no exhaustive clearance asserted.,Original bytes available for separate source-file verification; numerical execution uses compiled inputs.
sources/files/19900_tariff_8fbce623fb4c.pdf,28d9dc89808ee4d3b34ea03180d9896014ce68ab16cf5e8d6e18f4b51d8bf14f,8fbce623fb4cb01c2a121093e636ab77d72688d0,238673,"[""https://psc.ky.gov/tariffs/Water/Districts,%20Associations,%20%26%20Privately%20Owned/Corinth%20Water%20District/Cancelled%20Tariff%20Pages/2020/Monthly%20Rates/05-15.pdf""]","[""category and territory comparability"", ""documented schedule/amendment ledger"", ""primary endpoint tariff""]",false,original-host reference; not bundled,No redistribution grant established for this document type; use recorded original-host URL.,"Source identity, citations, pages and roles retained; original is not redacted or substituted.",Numerical workflow uses compiled inputs. Full source verification requires exact original bytes in a private disposable copy.
sources/files/25000_tariff_902482f07583.pdf,37c6b96f0f4962b9630d8d188ca0db039bffcf3e108fb9a49b874c18f7bbeb48,902482f07583fab9e9afb57499a87898b72fbcc2,5011960,"[""https://psc.ky.gov/tariffs/Water/Districts,%20Associations,%20%26%20Privately%20Owned/Martin%20County%20Water%20District/Tariff.pdf""]","[""broader tariff or documentary context""]",false,original-host reference; not bundled,No redistribution grant established for this document type; use recorded original-host URL.,"Source identity, citations, pages and roles retained; original is not redacted or substituted.",Numerical workflow uses compiled inputs. Full source verification requires exact original bytes in a private disposable copy.
sources/files/annual_32500_2024.pdf,d14a2cbbc09168c3c581864da2cc416f66bcc4737fd0320e018c9352a30f4495,90d6a89c10ecef4de16efb6e516adcb105a8ed89,141230,"[""https://psc.ky.gov/UFR_PDF/%5CWater%5C2024%5C32500_Western_Fleming_County_Water_District.pdf""]","[""category and territory comparability"", ""primary account endpoint"", ""reported supplier (incomplete exposure evidence)""]",false,original-host reference; not bundled,No redistribution grant established for this document type; use recorded original-host URL.,"Source identity, citations, pages and roles retained; original is not redacted or substituted.",Numerical workflow uses compiled inputs. Full source verification requires exact original bytes in a private disposable copy.
sources/files/2023-00315_20231026_PSC_ORDER.pdf,683aea4e990c4f1669c409eb0272a417df2c8a1919fbbbefae59a0da98cfc4ab,9108218f5256e12b9b1c986824ed42f50de2503d,308979,"[""https://psc.ky.gov/pscscf/2023%20Cases/2023-00315//20231026_PSC_ORDER.pdf""]","[""documented schedule/amendment ledger""]",true,bundled original administrative ruling,"Official PSC order; distribution recommended on government-edicts basis, not a project license.",Prior privacy screening plus targeted order-structure checks; no exhaustive clearance asserted.,Original bytes available for separate source-file verification; numerical execution uses compiled inputs.
sources/files/2022-00366_20231129_PSC_ORDER.pdf,02cd7361bedd5f35b9ed88cf2eb6bdb479796e90f533bafd8adb6a0f5acc74b2,93764d7317e2588d0be454ef28b9be0d8a9aeb34,259541,"[""https://psc.ky.gov/pscscf/2022%20Cases/2022-00366//20231129_PSC_ORDER.pdf""]","[""documented schedule/amendment ledger"", ""recurring charge and billing qualification""]",true,bundled original administrative ruling,"Official PSC order; distribution recommended on government-edicts basis, not a project license.",Prior privacy screening plus targeted order-structure checks; no exhaustive clearance asserted.,Original bytes available for separate source-file verification; numerical execution uses compiled inputs.
sources/files/23300_tariff_937970da91da.pdf,8f785621ca22c8a8335caf475253e7897b47aca4ebc9e0cf9f8cc22ff4fbea3f,937970da91da7d344929b30932e605984c381752,824631,"[""https://psc.ky.gov/tariffs/Water/Districts,%20Associations,%20%26%20Privately%20Owned/Hyden-Leslie%20County%20Water%20District/Tariff.pdf""]","[""category and territory comparability"", ""documented schedule/amendment ledger"", ""primary endpoint tariff""]",false,original-host reference; not bundled,No redistribution grant established for this document type; use recorded original-host URL.,"Source identity, citations, pages and roles retained; original is not redacted or substituted.",Numerical workflow uses compiled inputs. Full source verification requires exact original bytes in a private disposable copy.
sources/files/19201_2022.pdf,4829d7013b33ff72d15314226df40a08a363d1199ea256e4f42a26243bc85c72,9655f4ba16efea5cbed0f4f809bdc19b6cc62002,252904,"[""https://psc.ky.gov/UFR_PDF/%5CWater%5C2022%5C19201_Caldwell_County_Water_District.pdf""]","[""excluded-district or source-conflict evidence""]",false,original-host reference; not bundled,No redistribution grant established for this document type; use recorded original-host URL.,"Source identity, citations, pages and roles retained; original is not redacted or substituted.",Numerical workflow uses compiled inputs. Full source verification requires exact original bytes in a private disposable copy.
sources/files/25605_tariff_96ac1e1fc5d5.pdf,8e419dc6335ae7fc1556d85c9bfa38ed9f0c173f11334f3e9124f8a7d15d416e,96ac1e1fc5d51935a682aa50eacc5e7b33637b79,227208,"[""https://psc.ky.gov/tariffs/Water/Districts,%20Associations,%20%26%20Privately%20Owned/Mountain%20Water%20District/Cancelled%20Tariff%20Pages/2023/Monthly%20Water%20Rates/10-31.pdf""]","[""documented schedule/amendment ledger""]",false,original-host reference; not bundled,No redistribution grant established for this document type; use recorded original-host URL.,"Source identity, citations, pages and roles retained; original is not redacted or substituted.",Numerical workflow uses compiled inputs. Full source verification requires exact original bytes in a private disposable copy.
sources/files/annual_26900_2024.pdf,a9df803f15c7a7492e3d82136adf043f8cf292e18f818c40533a638fac7ad15b,976ba2741c5dba507185bf2cf4480ccaa1818c45,571104,"[""https://psc.ky.gov/UFR_PDF/%5CWater%5C2024%5C26900_North_McLean_County_Water_District.pdf""]","[""category and territory comparability"", ""primary account endpoint"", ""reported supplier (incomplete exposure evidence)""]",false,original-host reference; not bundled,No redistribution grant established for this document type; use recorded original-host URL.,"Source identity, citations, pages and roles retained; original is not redacted or substituted.",Numerical workflow uses compiled inputs. Full source verification requires exact original bytes in a private disposable copy.
sources/files/32500_tariff_978c55b1104e.pdf,f5d5bca048e508bcc66a44cf6eb6ca05386d942419d5b154f5749f3b87e65e91,978c55b1104e2ae2d675173535c75b35846f3fa0,148453,"[""https://psc.ky.gov/tariffs/Water/Districts,%20Associations,%20%26%20Privately%20Owned/Western%20Fleming%20County%20Water%20District/Cancelled%20Tariff%20Pages/2022/Monthly%20Water%20Rates/09-19.pdf""]","[""documented schedule/amendment ledger""]",false,original-host reference; not bundled,No redistribution grant established for this document type; use recorded original-host URL.,"Source identity, citations, pages and roles retained; original is not redacted or substituted.",Numerical workflow uses compiled inputs. Full source verification requires exact original bytes in a private disposable copy.
sources/files/2020-00071_20200327_PSC_ORDER.pdf,30a38d740ecec3481c1ba09ff669142f976d9f6c6a7ed6d89cb3975f12ce596e,98286784edb63f5d8cb9f2c7c96666f1e24c12c9,196799,"[""https://psc.ky.gov/pscscf/2020%20Cases/2020-00071/20200327_PSC_ORDER.pdf""]","[""documented schedule/amendment ledger""]",true,bundled original administrative ruling,"Official PSC order; distribution recommended on government-edicts basis, not a project license.",Prior privacy screening plus targeted order-structure checks; no exhaustive clearance asserted.,Original bytes available for separate source-file verification; numerical execution uses compiled inputs.
sources/files/annual_26900_2019.pdf,4526359dfd6b650c6b68ba786c54c9a430e2ed4a8aade7d6ffa085b99e6da6eb,98c508173b03c5b17548ec5d0745eca8af78416b,296240,"[""https://psc.ky.gov/UFR_PDF/%5CWater%5C2019%5C26900_North_McLean_County_Water_District.pdf""]","[""category and territory comparability"", ""primary account endpoint"", ""reported supplier (incomplete exposure evidence)""]",false,original-host reference; not bundled,No redistribution grant established for this document type; use recorded original-host URL.,"Source identity, citations, pages and roles retained; original is not redacted or substituted.",Numerical workflow uses compiled inputs. Full source verification requires exact original bytes in a private disposable copy.
sources/files/26000_tariff_9b9d30fb3ff6.pdf,aed34f44cbb4bcf13afa7652b4b35e1d29c39dbae08a097fd1b855cd94c12c01,9b9d30fb3ff6360300ba124e59ba3fa0a6b6febb,239814,"[""https://psc.ky.gov/tariffs/Water/Districts,%20Associations,%20%26%20Privately%20Owned/Muhlenberg%20County%20Water%20District%20Number%203/Cancelled%20Tariff%20Pages/2024/Monthly%20Rates/08-01%20%282%29.pdf""]","[""documented schedule/amendment ledger""]",false,original-host reference; not bundled,No redistribution grant established for this document type; use recorded original-host URL.,"Source identity, citations, pages and roles retained; original is not redacted or substituted.",Numerical workflow uses compiled inputs. Full source verification requires exact original bytes in a private disposable copy.
sources/files/24100_tariff_9c721271ce7a.pdf,a72986165aaedde5e78b0e17329cef0dff5d06a1f56349742f507f46c372fa14,9c721271ce7a5e27558a6ab76c3d7180c92dd178,2862295,"[""https://psc.ky.gov/tariffs/Water/Districts,%20Associations,%20%26%20Privately%20Owned/Laurel%20County%20Water%20District%20Number%202/Tariff.pdf""]","[""category and territory comparability"", ""documented schedule/amendment ledger"", ""primary endpoint tariff""]",false,original-host reference; not bundled,No redistribution grant established for this document type; use recorded original-host URL.,"Source identity, citations, pages and roles retained; original is not redacted or substituted.",Numerical workflow uses compiled inputs. Full source verification requires exact original bytes in a private disposable copy.
sources/files/henry_rate_order.pdf,8bd3ee8a6339ab2467484db2cd3e0c474d58d0f91689af49190806247c8c66ad,a0dc536752c36fee8b60fbe3e70099420fe37c61,427143,"[""https://psc.ky.gov/pscscf/2023%20Cases/2023-00090/20231024_PSC_ORDER.pdf""]","[""excluded-district or source-conflict evidence""]",true,bundled original administrative ruling,"Official PSC order; distribution recommended on government-edicts basis, not a project license.",Prior privacy screening plus targeted order-structure checks; no exhaustive clearance asserted.,Original bytes available for separate source-file verification; numerical execution uses compiled inputs.
sources/files/26400_tariff_a2127cab6fbd.pdf,96e1d03c9a4feedc42cd11a4dc0f18031e4b4f19dbec291588272ade29e78f44,a2127cab6fbd416d3a1d97b123f81e85e388f628,251693,"[""https://psc.ky.gov/tariffs/Water/Districts,%20Associations,%20%26%20Privately%20Owned/Nebo%20Water%20District/Cancelled%20Tariff%20Pages/2024/Monthly%20Rates/04-18.pdf""]","[""documented schedule/amendment ledger""]",false,original-host reference; not bundled,No redistribution grant established for this document type; use recorded original-host URL.,"Source identity, citations, pages and roles retained; original is not redacted or substituted.",Numerical workflow uses compiled inputs. Full source verification requires exact original bytes in a private disposable copy.
sources/files/31200_2021.pdf,e6f596a70bf6905bb6d85589a9340bea1b95b7e2f28591d37792d06e7b150c3c,a25b7fa891444913e915ddb0eb570f924f65527e,122526,"[""https://psc.ky.gov/UFR_PDF/%5CWater%5C2021%5C31200_Trimble_County_Water_District__1.pdf""]","[""excluded-district or source-conflict evidence""]",false,original-host reference; not bundled,No redistribution grant established for this document type; use recorded original-host URL.,"Source identity, citations, pages and roles retained; original is not redacted or substituted.",Numerical workflow uses compiled inputs. Full source verification requires exact original bytes in a private disposable copy.
sources/files/19900_tariff_a4666e1e3ef0.pdf,e9ab4b58bc5159a3b116d705ecda634d44af1f872adc460a21ea65561268d909,a4666e1e3ef04aed321cc9f328255d4efe2921e1,1636506,"[""https://psc.ky.gov/tariffs/Water/Districts,%20Associations,%20%26%20Privately%20Owned/Corinth%20Water%20District/Tariff.pdf""]","[""category and territory comparability"", ""documented schedule/amendment ledger"", ""primary endpoint tariff""]",false,original-host reference; not bundled,No redistribution grant established for this document type; use recorded original-host URL.,"Source identity, citations, pages and roles retained; original is not redacted or substituted.",Numerical workflow uses compiled inputs. Full source verification requires exact original bytes in a private disposable copy.
sources/files/2020-00079_20210225_PSC_ORDER.pdf,e65e9eeb6879f4bf72ae20607c69b20a239c7566c535ad5b402a4921d2539e65,a58d03ecd6651d4e83d7bc8070d20c436f237557,64454,"[""https://psc.ky.gov/pscscf/2020%20Cases/2020-00079//20210225_PSC_ORDER.pdf""]","[""documented schedule/amendment ledger""]",true,bundled original administrative ruling,"Official PSC order; distribution recommended on government-edicts basis, not a project license.",Prior privacy screening plus targeted order-structure checks; no exhaustive clearance asserted.,Original bytes available for separate source-file verification; numerical execution uses compiled inputs.
sources/files/garrison_order.pdf,e2b7e8fc62360cae67e6c7ab55e63e7042d2b67ea7119923f20d9f553154ea87,a61773b97b5de95fe007956139008c79d80f79e6,810514,"[""https://psc.ky.gov/pscscf/2023%20Cases/2023-00408/20240917_PSC_ORDER.pdf""]","[""broader tariff or documentary context""]",true,bundled original administrative ruling,"Official PSC order; distribution recommended on government-edicts basis, not a project license.",Prior privacy screening plus targeted order-structure checks; no exhaustive clearance asserted.,Original bytes available for separate source-file verification; numerical execution uses compiled inputs.
sources/files/26900_tariff_a660171d737d.pdf,6284b4274d7b533c2b5c3fbf989274889d16a28102f98d6e5416b0ad76152719,a660171d737d38cb56866a14781ba14ee33c8152,173008,"[""https://psc.ky.gov/tariffs/Water/Districts,%20Associations,%20%26%20Privately%20Owned/North%20McLean%20County%20Water%20District/Cancelled%20Tariff%20Pages/2025/Monthly%20Rates/03-01.pdf""]","[""category and territory comparability"", ""documented schedule/amendment ledger"", ""primary endpoint tariff""]",false,original-host reference; not bundled,No redistribution grant established for this document type; use recorded original-host URL.,"Source identity, citations, pages and roles retained; original is not redacted or substituted.",Numerical workflow uses compiled inputs. Full source verification requires exact original bytes in a private disposable copy.
sources/files/2022-00305_monitor_24.pdf,7d8d813d7419e32f8193dc076b7febbc7e1a5fd01c1d04353f2fd6426fd14d2c,a91327c6fdd67fe3791a9dba880b6628c8d923af,285882,"[""https://psc.ky.gov/pscecf/2022-00305/wfwd%40windstream.net/01132025035630/SKM_C250i25011314410.pdf""]","[""recurring charge and billing qualification""]",false,original-host link; exact original required for complete source-file verification,bank identifiers,PDF pages 4–7 contain banking records; pages 5–6 expose unmasked bank-account identifiers. Some fields on pages 4 and 7 are masked in the original.,Required for complete original-source verification; numerical reproduction uses the fixed compiled coding without this original.
sources/files/2020-00168_20200610_PSC_ORDER.pdf,d3d1c85f87819c5b3e133fc357ff52293033ebd2415aef3b0fda818b752dee7b,abc1e1ccd56858da7d1b6e702bcc8374f665cb20,217832,"[""https://psc.ky.gov/pscscf/2020%20Cases/2020-00168//20200610_PSC_ORDER.pdf""]","[""documented schedule/amendment ledger""]",true,bundled original administrative ruling,"Official PSC order; distribution recommended on government-edicts basis, not a project license.",Prior privacy screening plus targeted order-structure checks; no exhaustive clearance asserted.,Original bytes available for separate source-file verification; numerical execution uses compiled inputs.
sources/files/2023-00053_20230316_PSC_ORDER.pdf,12a97a638b58344e235d3060d68e193d1e74d2b18e70d8ebd3efbdfbd7e0548e,ac0a77a73c10e65e0da9123b62243a3aae198383,253978,"[""https://psc.ky.gov/pscscf/2023%20Cases/2023-00053//20230316_PSC_ORDER.pdf""]","[""documented schedule/amendment ledger""]",true,bundled original administrative ruling,"Official PSC order; distribution recommended on government-edicts basis, not a project license.",Prior privacy screening plus targeted order-structure checks; no exhaustive clearance asserted.,Original bytes available for separate source-file verification; numerical execution uses compiled inputs.
sources/files/annual_24500_2019.pdf,c5191b107fdb66164dde8fbb491884f77ba264aad12350d1128a8a5262241d92,add948f676b8e5477c263adc9f1658767b606941,431816,"[""https://psc.ky.gov/UFR_PDF/%5CWater%5C2019%5C24500_Lyon_County_Water_District.pdf""]","[""category and territory comparability"", ""primary account endpoint"", ""reported supplier (incomplete exposure evidence)""]",false,original-host reference; not bundled,No redistribution grant established for this document type; use recorded original-host URL.,"Source identity, citations, pages and roles retained; original is not redacted or substituted.",Numerical workflow uses compiled inputs. Full source verification requires exact original bytes in a private disposable copy.
sources/files/2020-00320_20201021_PSC_ORDER.pdf,087abb71203162f974b7de9c53b86f582561aafd6f130ac144fcc9234c524fe6,ae3ec0baf6e8cf442f4816d2c3333ffff1a6beb9,215603,"[""https://psc.ky.gov/pscscf/2020%20Cases/2020-00320//20201021_PSC_ORDER.pdf""]","[""documented schedule/amendment ledger""]",true,bundled original administrative ruling,"Official PSC order; distribution recommended on government-edicts basis, not a project license.",Prior privacy screening plus targeted order-structure checks; no exhaustive clearance asserted.,Original bytes available for separate source-file verification; numerical execution uses compiled inputs.
sources/files/22700_tariff_afa6f64724c0.pdf,b538874b61939257b77cd6188d1e1d57c0cbea6b952153828b166323ef4967bb,afa6f64724c004dbc7ca21e03c1cf3cda8c4539f,435542,"[""https://psc.ky.gov/tariffs/Water/Districts,%20Associations,%20%26%20Privately%20Owned/Henderson%20County%20Water%20District/Cancelled%20Tariff%20Pages/2022/Monthly%20Water%20Rates/03-31.pdf""]","[""documented schedule/amendment ledger""]",false,original-host reference; not bundled,No redistribution grant established for this document type; use recorded original-host URL.,"Source identity, citations, pages and roles retained; original is not redacted or substituted.",Numerical workflow uses compiled inputs. Full source verification requires exact original bytes in a private disposable copy.
sources/files/annual_29200_2024.pdf,66123f911465c3875bda59ec2e47a02c72c8e42e4fe869d4f1e388aa6e7d5131,afe78b21c37ef4ef72fba8fb9f17c8bc2bfa6954,115674,"[""https://psc.ky.gov/UFR_PDF/%5CWater%5C2024%5C29200_Sandy_Hook_Water_District.pdf""]","[""category and territory comparability"", ""primary account endpoint"", ""reported supplier (incomplete exposure evidence)""]",false,original-host reference; not bundled,No redistribution grant established for this document type; use recorded original-host URL.,"Source identity, citations, pages and roles retained; original is not redacted or substituted.",Numerical workflow uses compiled inputs. Full source verification requires exact original bytes in a private disposable copy.
sources/files/28000_tariff_b5693885fe9c.pdf,6fe55a332fe77d37d16c3453f0a8410993d0ad7f79af82aee12a7fac8927da52,b5693885fe9cefdee585c43c4c3af539ef0223ec,116801,"[""https://psc.ky.gov/tariffs/Water/Districts,%20Associations,%20%26%20Privately%20Owned/Pendleton%20County%20Water%20District/Cancelled%20Tariff%20Pages/2020/Monthly%20Water%20Rates/03-10.pdf""]","[""category and territory comparability"", ""documented schedule/amendment ledger"", ""primary endpoint tariff""]",false,original-host reference; not bundled,No redistribution grant established for this document type; use recorded original-host URL.,"Source identity, citations, pages and roles retained; original is not redacted or substituted.",Numerical workflow uses compiled inputs. Full source verification requires exact original bytes in a private disposable copy.
sources/files/31800_2020.pdf,a40da1a29c2ea87cd5544f97adad80c7d9571cd65a80f384aa828614996d0bc3,b6430b37dcc56d95c57cc2a6180bc0acd00ab62c,137008,"[""https://psc.ky.gov/UFR_PDF/%5CWater%5C2020%5C31800_Webster_County_Water_District.pdf""]","[""excluded-district or source-conflict evidence""]",false,original-host reference; not bundled,No redistribution grant established for this document type; use recorded original-host URL.,"Source identity, citations, pages and roles retained; original is not redacted or substituted.",Numerical workflow uses compiled inputs. Full source verification requires exact original bytes in a private disposable copy.
sources/files/2024-00022_20240806_PSC_ORDER.pdf,a952e31d8524138b56f659cb75226c0ba460f4628d2db7c5d4e3218b072f2fbd,b692f3de34d3e88e164d308895637741fe2ce1a6,636688,"[""https://psc.ky.gov/pscscf/2024%20Cases/2024-00022//20240806_PSC_ORDER.pdf""]","[""documented schedule/amendment ledger""]",true,bundled original administrative ruling,"Official PSC order; distribution recommended on government-edicts basis, not a project license.",Prior privacy screening plus targeted order-structure checks; no exhaustive clearance asserted.,Original bytes available for separate source-file verification; numerical execution uses compiled inputs.
sources/files/muhlenberg_pwa.pdf,b7494a61e5958984ea430752010bea93c34d861bdbfb6010a98ac7f76ce5308e,b94d6dd40a13e2e16a381daba6432c0f78f60f1b,280889,"[""https://psc.ky.gov/pscscf/2024%20Cases/2024-00212/20240806_PSC_ORDER.pdf""]","[""documented schedule/amendment ledger""]",true,bundled original administrative ruling,"Official PSC order; distribution recommended on government-edicts basis, not a project license.",Prior privacy screening plus targeted order-structure checks; no exhaustive clearance asserted.,Original bytes available for separate source-file verification; numerical execution uses compiled inputs.
sources/files/28300_tariff_b94ea5689722.pdf,e68836e9fdb38ac045f1b39b1d6cacc6bc225bb418c943e20dd5642be0255a12,b94ea56897222a1cff3be6f790f379912e81f9ee,225957,"[""https://psc.ky.gov/tariffs/Water/Districts,%20Associations,%20%26%20Privately%20Owned/Powells%20Valley%20Water%20District/Cancelled%20Tariff%20Pages/2024/Monthly%20Rates/12-09.pdf""]","[""documented schedule/amendment ledger""]",false,original-host reference; not bundled,No redistribution grant established for this document type; use recorded original-host URL.,"Source identity, citations, pages and roles retained; original is not redacted or substituted.",Numerical workflow uses compiled inputs. Full source verification requires exact original bytes in a private disposable copy.
sources/files/barkley_financial.pdf,eee457a29ac440d991edf137ac954acbc0c2842c008ac500c93f234b350bbdce,ba3deb16f3fb71e29936d5dd421f8563fa2fd741,1822340,"[""https://psc.ky.gov/Utility_Financial_Reports_Net/uploaded/support/SD_18500_2023_1.pdf""]","[""excluded-district or source-conflict evidence""]",false,original-host reference; not bundled,No redistribution grant established for this document type; use recorded original-host URL.,"Source identity, citations, pages and roles retained; original is not redacted or substituted.",Numerical workflow uses compiled inputs. Full source verification requires exact original bytes in a private disposable copy.
sources/files/19900_tariff_baa40ec5be8e.pdf,82923c9c4f4d4b9280d2e06c1f21d8211dd306b938f0ad1a8263677fe5f53e30,baa40ec5be8e3fd54c1adbee08176ffada16fe37,169330,"[""https://psc.ky.gov/tariffs/Water/Districts,%20Associations,%20%26%20Privately%20Owned/Corinth%20Water%20District/Cancelled%20Tariff%20Pages/2022/Monthly%20Water%20Rates/05-25.pdf""]","[""documented schedule/amendment ledger""]",false,original-host reference; not bundled,No redistribution grant established for this document type; use recorded original-host URL.,"Source identity, citations, pages and roles retained; original is not redacted or substituted.",Numerical workflow uses compiled inputs. Full source verification requires exact original bytes in a private disposable copy.
sources/files/2024-00002_20240802_PSC_ORDER.pdf,5d40891d1d98aba3b71b3272dec807d29feeaea8ff175d7a57c3a7ad76677638,bf97c581c76e9d76befbbbd132493ab1f7854a34,691206,"[""https://psc.ky.gov/pscscf/2024%20Cases/2024-00002//20240802_PSC_ORDER.pdf""]","[""documented schedule/amendment ledger""]",true,bundled original administrative ruling,"Official PSC order; distribution recommended on government-edicts basis, not a project license.",Prior privacy screening plus targeted order-structure checks; no exhaustive clearance asserted.,Original bytes available for separate source-file verification; numerical execution uses compiled inputs.
sources/files/24500_tariff_c0ad4ba2ea13.pdf,e73b3af67e177a9ae88436dc91791daf6bd16ee6fe73a293c74ab50a2bcc9e44,c0ad4ba2ea13a2b432cd49d5e47ae777c8d84b03,338951,"[""https://psc.ky.gov/tariffs/Water/Districts,%20Associations,%20%26%20Privately%20Owned/Lyon%20County%20Water%20District/Cancelled%20Tariff%20Pages/2022/Monthly%20Water%20Rates/05-13.pdf""]","[""documented schedule/amendment ledger""]",false,original-host reference; not bundled,No redistribution grant established for this document type; use recorded original-host URL.,"Source identity, citations, pages and roles retained; original is not redacted or substituted.",Numerical workflow uses compiled inputs. Full source verification requires exact original bytes in a private disposable copy.
sources/files/annual_22500_2019.pdf,4cd07817a4ba79be332c91f9b362113b55dd7247cb62e26908efce346fd4bf9e,c269a48c72a76a08cbf2ecf9176f2d81af4f36f0,167030,"[""https://psc.ky.gov/UFR_PDF/%5CWater%5C2019%5C22500_Hardin_County_Water_District__1.pdf""]","[""category and territory comparability"", ""primary account endpoint"", ""reported supplier (incomplete exposure evidence)""]",false,original-host reference; not bundled,No redistribution grant established for this document type; use recorded original-host URL.,"Source identity, citations, pages and roles retained; original is not redacted or substituted.",Numerical workflow uses compiled inputs. Full source verification requires exact original bytes in a private disposable copy.
sources/files/annual_28000_2024.pdf,d2c2bf9f97951e04cdc69d8c9e4d7706b110cd6433959cf5998f2666633bb92e,c77e867fa7a250ab50f3b543fd0354ce63eec9a3,471204,"[""https://psc.ky.gov/UFR_PDF/%5CWater%5C2024%5C28000_Pendleton_County_Water_District.pdf""]","[""category and territory comparability"", ""primary account endpoint"", ""reported supplier (incomplete exposure evidence)""]",false,original-host reference; not bundled,No redistribution grant established for this document type; use recorded original-host URL.,"Source identity, citations, pages and roles retained; original is not redacted or substituted.",Numerical workflow uses compiled inputs. Full source verification requires exact original bytes in a private disposable copy.
sources/files/28300_tariff_c7d399d5ea3c.pdf,a982a6941de0d28ae76d297c5719d8026dca0d7a0ffa6b00b104861b2abd7c8d,c7d399d5ea3ca99689769d57c655d440ba42f9a1,74063,"[""https://psc.ky.gov/tariffs/Water/Districts,%20Associations,%20%26%20Privately%20Owned/Powells%20Valley%20Water%20District/Cancelled%20Tariff%20Pages/2023/Monthly%20Rates/1-26.pdf""]","[""category and territory comparability"", ""documented schedule/amendment ledger"", ""primary endpoint tariff""]",false,original-host reference; not bundled,No redistribution grant established for this document type; use recorded original-host URL.,"Source identity, citations, pages and roles retained; original is not redacted or substituted.",Numerical workflow uses compiled inputs. Full source verification requires exact original bytes in a private disposable copy.
sources/files/22700_tariff_c7ecd9801adf.pdf,c46702e3acc68fe4ea857d1fd2138069579ec487358874d8abc4f2ec8c0f38f9,c7ecd9801adf47055a5745ba5a50c889fe067b05,232619,"[""https://psc.ky.gov/tariffs/Water/Districts,%20Associations,%20%26%20Privately%20Owned/Henderson%20County%20Water%20District/Cancelled%20Tariff%20Pages/2021/Monthly%20Water%20Rates/11-24.pdf""]","[""documented schedule/amendment ledger""]",false,original-host reference; not bundled,No redistribution grant established for this document type; use recorded original-host URL.,"Source identity, citations, pages and roles retained; original is not redacted or substituted.",Numerical workflow uses compiled inputs. Full source verification requires exact original bytes in a private disposable copy.
sources/files/mountain_april_order.pdf,58856c4fb7000e4ebacdb508a621aa6633a31f8695c383a06ed333e6511f8a3e,c82578135af2a81d27acaedf20d05a35e68e68dd,149980,"[""https://psc.ky.gov/pscscf/2022%20Cases/2022-00366//20240405_PSC_ORDER.pdf""]","[""documented schedule/amendment ledger""]",true,bundled original administrative ruling,"Official PSC order; distribution recommended on government-edicts basis, not a project license.",Prior privacy screening plus targeted order-structure checks; no exhaustive clearance asserted.,Original bytes available for separate source-file verification; numerical execution uses compiled inputs.
sources/files/annual_29200_2019.pdf,471dc9e56be85bfc7c3e43a1da9cf3f61d74b380a89b040cd90fbca93f4968a2,c982e870d0f0a414919d197ca8b7dcd36c8733c3,129237,"[""https://psc.ky.gov/UFR_PDF/%5CWater%5C2019%5C29200_Sandy_Hook_Water_District.pdf""]","[""category and territory comparability"", ""primary account endpoint"", ""reported supplier (incomplete exposure evidence)""]",false,original-host reference; not bundled,No redistribution grant established for this document type; use recorded original-host URL.,"Source identity, citations, pages and roles retained; original is not redacted or substituted.",Numerical workflow uses compiled inputs. Full source verification requires exact original bytes in a private disposable copy.
sources/files/2023-00185_20241008_PSC_ORDER.pdf,9b5beba07da15693d80654b097b7fed08edd4ceeb54f09d2388db29910f6c3de,cbb3bbb1976d2aa0d7f84719d4f6e09b6d787bc9,622881,"[""https://psc.ky.gov/pscscf/2023%20Cases/2023-00185//20241008_PSC_ORDER.pdf""]","[""documented schedule/amendment ledger""]",true,bundled original administrative ruling,"Official PSC order; distribution recommended on government-edicts basis, not a project license.",Prior privacy screening plus targeted order-structure checks; no exhaustive clearance asserted.,Original bytes available for separate source-file verification; numerical execution uses compiled inputs.
sources/files/26000_tariff_cd43455b8654.pdf,4955713a6f3268b2275989e8ce59ced08ee6411fd913e7ca3ee95600e1f2f198,cd43455b86542abe3928bb465991c10edc130451,227286,"[""https://psc.ky.gov/tariffs/Water/Districts,%20Associations,%20%26%20Privately%20Owned/Muhlenberg%20County%20Water%20District%20Number%203/Cancelled%20Tariff%20Pages/2024/Monthly%20Rates/08-01.pdf""]","[""documented schedule/amendment ledger""]",false,original-host reference; not bundled,No redistribution grant established for this document type; use recorded original-host URL.,"Source identity, citations, pages and roles retained; original is not redacted or substituted.",Numerical workflow uses compiled inputs. Full source verification requires exact original bytes in a private disposable copy.
sources/files/2020-00238_20210127_PSC_ORDER.pdf,94799545ccf6e72e46c7281b809de01b664a6719992c8446c1ce241256d2de02,ce66607b15be8692cc2d82f1ee53f376d8debfe5,304854,"[""https://psc.ky.gov/pscscf/2020%20Cases/2020-00238//20210127_PSC_ORDER.pdf""]","[""documented schedule/amendment ledger""]",true,bundled original administrative ruling,"Official PSC order; distribution recommended on government-edicts basis, not a project license.",Prior privacy screening plus targeted order-structure checks; no exhaustive clearance asserted.,Original bytes available for separate source-file verification; numerical execution uses compiled inputs.
sources/files/27000_tariff_ce69a309c4c2.pdf,e30f495779c9202019c9ca1d49dfd7202b0f4e65610ccdb51aafec59543c9c46,ce69a309c4c2d6f22e452c46ee49d85ac0f9db6b,167403,"[""https://psc.ky.gov/tariffs/Water/Districts,%20Associations,%20%26%20Privately%20Owned/North%20Mercer%20Water%20District/Cancelled%20Tariff%20Pages/2021/Monthly%20Water%20Rates/08-19.pdf""]","[""category and territory comparability"", ""documented schedule/amendment ledger"", ""primary endpoint tariff""]",false,original-host reference; not bundled,No redistribution grant established for this document type; use recorded original-host URL.,"Source identity, citations, pages and roles retained; original is not redacted or substituted.",Numerical workflow uses compiled inputs. Full source verification requires exact original bytes in a private disposable copy.
sources/files/2022-00366_20240223_PSC_ORDER.pdf,ec05ba3d4997836f323a0b4d4477b5ba5e14dfc777a5264b1ab3caae215687f1,cfa65920ce770e2d9a5af0d877a984278b9c2aee,232656,"[""https://psc.ky.gov/pscscf/2022%20Cases/2022-00366//20240223_PSC_ORDER.pdf""]","[""documented schedule/amendment ledger""]",true,bundled original administrative ruling,"Official PSC order; distribution recommended on government-edicts basis, not a project license.",Prior privacy screening plus targeted order-structure checks; no exhaustive clearance asserted.,Original bytes available for separate source-file verification; numerical execution uses compiled inputs.
sources/files/21200_2022.pdf,40d707344c3c50160657492ada1ec12778f3ed2ca1971bd228c2e55712780c54,d01aa83faf815a692235eb43b5d1f2c6d48cfe43,1201721,"[""https://psc.ky.gov/UFR_PDF/%5CWater%5C2022%5C21200_East_Pendleton_Water_District.pdf""]","[""excluded-district or source-conflict evidence""]",false,original-host reference; not bundled,No redistribution grant established for this document type; use recorded original-host URL.,"Source identity, citations, pages and roles retained; original is not redacted or substituted.",Numerical workflow uses compiled inputs. Full source verification requires exact original bytes in a private disposable copy.
sources/files/2020-00037_20200323_PSC_ORDER.pdf,a1b330a4ff3da3048510285468801f690fa221273a80908a0535c9bf204196d7,d3518c2f3848c334c975ad10caa335ac16305fe6,186631,"[""https://psc.ky.gov/pscscf/2020%20Cases/2020-00037//20200323_PSC_ORDER.pdf""]","[""documented schedule/amendment ledger""]",true,bundled original administrative ruling,"Official PSC order; distribution recommended on government-edicts basis, not a project license.",Prior privacy screening plus targeted order-structure checks; no exhaustive clearance asserted.,Original bytes available for separate source-file verification; numerical execution uses compiled inputs.
sources/files/28000_tariff_d399d7bc17ed.pdf,6071991377f9243626d69584a5915d38316b579baa7d73fdb32d87f644655b5f,d399d7bc17ed3c4d5bd599341882124f532f75b3,74482,"[""https://psc.ky.gov/tariffs/Water/Districts,%20Associations,%20%26%20Privately%20Owned/Pendleton%20County%20Water%20District/Cancelled%20Tariff%20Pages/2020/Monthly%20Water%20Rates/10-28.pdf""]","[""documented schedule/amendment ledger""]",false,original-host reference; not bundled,No redistribution grant established for this document type; use recorded original-host URL.,"Source identity, citations, pages and roles retained; original is not redacted or substituted.",Numerical workflow uses compiled inputs. Full source verification requires exact original bytes in a private disposable copy.
sources/files/2022-00034_20220316_PSC_ORDER.pdf,96770d9cd8bd8182ba1081a5e0bab4c25e622b5a35931e660b445dda97e595f1,d47daef0710c33b294d91c4999b82cc74b033e71,179122,"[""https://psc.ky.gov/pscscf/2022%20Cases/2022-00034//20220316_PSC_ORDER.pdf""]","[""documented schedule/amendment ledger""]",true,bundled original administrative ruling,"Official PSC order; distribution recommended on government-edicts basis, not a project license.",Prior privacy screening plus targeted order-structure checks; no exhaustive clearance asserted.,Original bytes available for separate source-file verification; numerical execution uses compiled inputs.
sources/files/22700_tariff_d6b567592029.pdf,a968f3681343b9839d318ebbcc4e1df010ae0492e6a688490380edcb421fb8cd,d6b5675920297143f9faf32b58b000c17983979d,307814,"[""https://psc.ky.gov/tariffs/Water/Districts,%20Associations,%20%26%20Privately%20Owned/Henderson%20County%20Water%20District/Cancelled%20Tariff%20Pages/2025/Monthly%20Water%20Rates/05-01.pdf""]","[""category and territory comparability"", ""documented schedule/amendment ledger"", ""primary endpoint tariff""]",false,original-host reference; not bundled,No redistribution grant established for this document type; use recorded original-host URL.,"Source identity, citations, pages and roles retained; original is not redacted or substituted.",Numerical workflow uses compiled inputs. Full source verification requires exact original bytes in a private disposable copy.
sources/files/annual_22700_2024.pdf,ec1866eb4331aaad0ed2595aeabde55042ddf3cce202ec944edf35d97b946288,d7033aaa95e7ca87638ced6173cf1531c13a7178,395787,"[""https://psc.ky.gov/UFR_PDF/%5CWater%5C2024%5C22700_Henderson_County_Water_District.pdf""]","[""category and territory comparability"", ""primary account endpoint"", ""reported supplier (incomplete exposure evidence)""]",false,original-host reference; not bundled,No redistribution grant established for this document type; use recorded original-host URL.,"Source identity, citations, pages and roles retained; original is not redacted or substituted.",Numerical workflow uses compiled inputs. Full source verification requires exact original bytes in a private disposable copy.
sources/files/annual_20200_2019.pdf,fc3545bdf5a2254f4ff3d87d12734fa3f7a95dc4ce8a4ad14335330c68f3952c,d94844370b5ca964d6e966145a1830f37af00468,2023328,"[""https://psc.ky.gov/UFR_PDF/%5CWater%5C2019%5C20200_Cumberland_Falls_Highway_Water_District.pdf""]","[""category and territory comparability"", ""primary account endpoint"", ""reported supplier (incomplete exposure evidence)""]",false,original-host reference; not bundled,No redistribution grant established for this document type; use recorded original-host URL.,"Source identity, citations, pages and roles retained; original is not redacted or substituted.",Numerical workflow uses compiled inputs. Full source verification requires exact original bytes in a private disposable copy.
sources/files/annual_26400_2024.pdf,1023462c327bde1754616a6114307558db026ecf0127923720ff30bb4323804c,dad7e5507c1201d49a351ccb2e11804266706d62,105517,"[""https://psc.ky.gov/UFR_PDF/%5CWater%5C2024%5C26400_Nebo_Water_District.pdf""]","[""category and territory comparability"", ""primary account endpoint"", ""reported supplier (incomplete exposure evidence)""]",false,original-host reference; not bundled,No redistribution grant established for this document type; use recorded original-host URL.,"Source identity, citations, pages and roles retained; original is not redacted or substituted.",Numerical workflow uses compiled inputs. Full source verification requires exact original bytes in a private disposable copy.
sources/files/annual_19400_2019.pdf,6474a5a98c39c6cfd957ec3a5b191ff2448b2758c6dcef690d582ddce7929c72,db4f9e353ab12a3d12530da411ace36f1d87eb76,130248,"[""https://psc.ky.gov/UFR_PDF/%5CWater%5C2019%5C19400_Knott_County_Water_%20and%20_Sewer_District.pdf""]","[""category and territory comparability"", ""primary account endpoint"", ""reported supplier (incomplete exposure evidence)""]",false,original-host reference; not bundled,No redistribution grant established for this document type; use recorded original-host URL.,"Source identity, citations, pages and roles retained; original is not redacted or substituted.",Numerical workflow uses compiled inputs. Full source verification requires exact original bytes in a private disposable copy.
sources/files/26400_tariff_db7caa46a49b.pdf,c382b5803e3c9f159fa711f662926e1b90b555b97f6f6b5ebbe32804634e40d9,db7caa46a49be688cf226086e10d299620ff81fb,276843,"[""https://psc.ky.gov/tariffs/Water/Districts,%20Associations,%20%26%20Privately%20Owned/Nebo%20Water%20District/Cancelled%20Tariff%20Pages/2024/Monthly%20Rates/08-02.pdf""]","[""documented schedule/amendment ledger""]",false,original-host reference; not bundled,No redistribution grant established for this document type; use recorded original-host URL.,"Source identity, citations, pages and roles retained; original is not redacted or substituted.",Numerical workflow uses compiled inputs. Full source verification requires exact original bytes in a private disposable copy.
sources/files/2021-00425_20220525_PSC_ORDER.pdf,7f1c5a2dfd7b78d68baf77eceb754f439e9ded0dac939f67bd1370b9493bb79a,dc1e2f3593df0c4e746e337664c5025037ed69de,266054,"[""https://psc.ky.gov/pscscf/2021%20Cases/2021-00425//20220525_PSC_ORDER.pdf""]","[""documented schedule/amendment ledger""]",true,bundled original administrative ruling,"Official PSC order; distribution recommended on government-edicts basis, not a project license.",Prior privacy screening plus targeted order-structure checks; no exhaustive clearance asserted.,Original bytes available for separate source-file verification; numerical execution uses compiled inputs.
sources/files/2024-00022_20241101_PSC_ORDER.pdf,faec95ca826e1b744530fe8266c35d046384975a655bf718d89a1db7d917f7de,dd0eedeece354ed352f31be6ffa4751669be4b6c,167418,"[""https://psc.ky.gov/pscscf/2024%20Cases/2024-00022//20241101_PSC_ORDER.pdf""]","[""documented schedule/amendment ledger""]",true,bundled original administrative ruling,"Official PSC order; distribution recommended on government-edicts basis, not a project license.",Prior privacy screening plus targeted order-structure checks; no exhaustive clearance asserted.,Original bytes available for separate source-file verification; numerical execution uses compiled inputs.
sources/files/30600_tariff_df37ae264a37.pdf,cdf20ec8194b2f920d4007cdc42fc18151be814b15e3cc9ac99d86f1896107c5,df37ae264a37f60f0ce65bd1fb05209b9ffc8393,3602923,"[""https://psc.ky.gov/tariffs/Water/Districts,%20Associations,%20%26%20Privately%20Owned/Southern%20Madison%20Water%20District/Tariff.pdf""]","[""broader tariff or documentary context""]",false,original-host reference; not bundled,No redistribution grant established for this document type; use recorded original-host URL.,"Source identity, citations, pages and roles retained; original is not redacted or substituted.",Numerical workflow uses compiled inputs. Full source verification requires exact original bytes in a private disposable copy.
sources/files/annual_21900_2024.pdf,bf0801714bcdb1266ecc4ca96dd8ba8a2af3fa61c32759450ed54d240e646466,e187c246ba07236dc7b9e521068a3b65cdeac246,577015,"[""https://psc.ky.gov/UFR_PDF/%5CWater%5C2024%5C21900_Garrison-Quincy-Ky-O-Heights_Water_District.pdf""]","[""broader tariff or documentary context""]",false,original-host reference; not bundled,No redistribution grant established for this document type; use recorded original-host URL.,"Source identity, citations, pages and roles retained; original is not redacted or substituted.",Numerical workflow uses compiled inputs. Full source verification requires exact original bytes in a private disposable copy.
sources/files/2020-00141_20201106_PSC_ORDER.pdf,676269dc4e2c0d9f6df59c928be4b8d79c840438e48daa9b5a4f7a124c9b1d6a,e26d3a375ae8c8c4bb4113d7e55de593678ed16e,501308,"[""https://psc.ky.gov/pscscf/2020%20Cases/2020-00141//20201106_PSC_ORDER.pdf""]","[""documented schedule/amendment ledger""]",true,bundled original administrative ruling,"Official PSC order; distribution recommended on government-edicts basis, not a project license.",Prior privacy screening plus targeted order-structure checks; no exhaustive clearance asserted.,Original bytes available for separate source-file verification; numerical execution uses compiled inputs.
sources/files/26600_2023.pdf,c6f1bf8b319d12cf81652074d46016a961ebe422743657c0df21cf49b0f525e5,e44a83972f033465d0d165b2c8d7fe4d15de3f28,366070,"[""https://psc.ky.gov/UFR_PDF/%5CWater%5C2023%5C26600_North_Hopkins_Water_District.pdf""]","[""excluded-district or source-conflict evidence""]",false,original-host reference; not bundled,No redistribution grant established for this document type; use recorded original-host URL.,"Source identity, citations, pages and roles retained; original is not redacted or substituted.",Numerical workflow uses compiled inputs. Full source verification requires exact original bytes in a private disposable copy.
sources/files/pennsylvania_institutional_record.html,355900bc554e080dcb5fc1ae8d5ace02df7a9bfc7107cb6472ee98ad8c162ea1,e6f71e821af518507c74ce2790b1c16c2045c828,59590,"[""https://scholars.duke.edu/publication/1565546""]","[""institutional or literature context""]",false,original-host reference; not bundled,No redistribution grant established for this document type; use recorded original-host URL.,"Source identity, citations, pages and roles retained; original is not redacted or substituted.",Numerical workflow uses compiled inputs. Full source verification requires exact original bytes in a private disposable copy.
sources/files/annual_21500_2019.pdf,34d8c2a180907c167456144e8901b676029597a79c31bd69b6c4318e233f2b03,e7995283524535d0bd82f3e7b6ce6d720a1bdc8d,231021,"[""https://psc.ky.gov/UFR_PDF/%5CWater%5C2019%5C21500_Estill_County_Water_District__1.pdf""]","[""category and territory comparability"", ""primary account endpoint"", ""reported supplier (incomplete exposure evidence)""]",false,original-host reference; not bundled,No redistribution grant established for this document type; use recorded original-host URL.,"Source identity, citations, pages and roles retained; original is not redacted or substituted.",Numerical workflow uses compiled inputs. Full source verification requires exact original bytes in a private disposable copy.
sources/files/2022-00366_20231031_PSC_ORDER.pdf,cbdfac01aa45eb5ca8bceea8ef219d3ff3750ec11ef95099afc35f9f5e2830db,e7a062b400de335b15a0503226ea30ec936f736e,689077,"[""https://psc.ky.gov/pscscf/2022%20Cases/2022-00366//20231031_PSC_ORDER.pdf""]","[""documented schedule/amendment ledger""]",true,bundled original administrative ruling,"Official PSC order; distribution recommended on government-edicts basis, not a project license.",Prior privacy screening plus targeted order-structure checks; no exhaustive clearance asserted.,Original bytes available for separate source-file verification; numerical execution uses compiled inputs.
sources/files/2024-00319_20241101_PSC_ORDER.pdf,66a2000f65c5946c1b5fae31d28ea820b822c8582153c45c97389c3750a6cac4,e9ba7a07ce0d44b19e2727e968b144789bba7650,285303,"[""https://psc.ky.gov/pscscf/2024%20Cases/2024-00319//20241101_PSC_ORDER.pdf""]","[""documented schedule/amendment ledger""]",true,bundled original administrative ruling,"Official PSC order; distribution recommended on government-edicts basis, not a project license.",Prior privacy screening plus targeted order-structure checks; no exhaustive clearance asserted.,Original bytes available for separate source-file verification; numerical execution uses compiled inputs.
sources/files/28300_tariff_ea03a02bec38.pdf,d0d082dabb5b7806c552836eec45a6f845eb14fcc13c7bc126cc5deba34ff913,ea03a02bec38a1d1ac05188454acc3637db76fd6,5066835,"[""https://psc.ky.gov/tariffs/Water/Districts,%20Associations,%20%26%20Privately%20Owned/Powells%20Valley%20Water%20District/Tariff.pdf""]","[""category and territory comparability"", ""documented schedule/amendment ledger"", ""primary endpoint tariff""]",false,original-host reference; not bundled,No redistribution grant established for this document type; use recorded original-host URL.,"Source identity, citations, pages and roles retained; original is not redacted or substituted.",Numerical workflow uses compiled inputs. Full source verification requires exact original bytes in a private disposable copy.
sources/files/annual_21900_2019.pdf,974111c07b53d469e1038d1d1164a86f74bd46a8fe629371134f43834a90ec03,ebd0a7154d33552b736b23e8db2c0ad77b2e3e65,383294,"[""https://psc.ky.gov/UFR_PDF/%5CWater%5C2019%5C21900_Garrison-Quincy-Ky-O-Heights_Water_District.pdf""]","[""broader tariff or documentary context""]",false,original-host reference; not bundled,No redistribution grant established for this document type; use recorded original-host URL.,"Source identity, citations, pages and roles retained; original is not redacted or substituted.",Numerical workflow uses compiled inputs. Full source verification requires exact original bytes in a private disposable copy.
sources/files/32500_tariff_f1487687c05a.pdf,2cd9a57521ce966ffd95930ad1076b9ae711533576f284474d63666c854a655d,f1487687c05a0164fedf06df4925cd7103b8f25d,157835,"[""https://psc.ky.gov/tariffs/Water/Districts,%20Associations,%20%26%20Privately%20Owned/Western%20Fleming%20County%20Water%20District/Cancelled%20Tariff%20Pages/2020/Monthly%20Water%20Rates/03-30.pdf""]","[""category and territory comparability"", ""documented schedule/amendment ledger"", ""primary endpoint tariff""]",false,original-host reference; not bundled,No redistribution grant established for this document type; use recorded original-host URL.,"Source identity, citations, pages and roles retained; original is not redacted or substituted.",Numerical workflow uses compiled inputs. Full source verification requires exact original bytes in a private disposable copy.
sources/files/psc_annual_index.html,2ccd6e1ad3f7637b4ce6b04872a93888c21313a23ec0042c612ac2f55aa20fb2,f4d9aa0ca5fa5549fc9cc9282581601a631f6386,192118,"[""https://psc.ky.gov/WebNet/ListLibrary/ANN""]","[""institutional or literature context""]",false,original-host reference; not bundled,No redistribution grant established for this document type; use recorded original-host URL.,"Source identity, citations, pages and roles retained; original is not redacted or substituted.",Numerical workflow uses compiled inputs. Full source verification requires exact original bytes in a private disposable copy.
sources/files/2019-00310_20200310_PSC_ORDER.pdf,43da0a705c170f9a65decc01e8ccc92f4e687d5fc10b1b52d72a48b65c542fed,f58004d78c2a7ea568dc67cb3be12918b0c0f6ab,1624384,"[""https://psc.ky.gov/pscscf/2019%20Cases/2019-00310/20200310_PSC_ORDER.pdf""]","[""documented schedule/amendment ledger""]",true,bundled original administrative ruling,"Official PSC order; distribution recommended on government-edicts basis, not a project license.",Prior privacy screening plus targeted order-structure checks; no exhaustive clearance asserted.,Original bytes available for separate source-file verification; numerical execution uses compiled inputs.
sources/files/21200_2023.pdf,49cd2c0722ea9868c7660574ba6ebedb7ae8860c6250b1644d826cadfa2d18b4,f5a6fc9f97ed819c1d0e046edab9bfcf82db0d9b,121668,"[""https://psc.ky.gov/UFR_PDF/%5CWater%5C2023%5C21200_East_Pendleton_Water_District.pdf""]","[""excluded-district or source-conflict evidence""]",false,original-host reference; not bundled,No redistribution grant established for this document type; use recorded original-host URL.,"Source identity, citations, pages and roles retained; original is not redacted or substituted.",Numerical workflow uses compiled inputs. Full source verification requires exact original bytes in a private disposable copy.
sources/files/31200_tariff_f68e5b3b0f6c.pdf,ca6334e65762e7e428b368646541bee5ca470e0f3d74e0dbbc2ed4e8c68135fc,f68e5b3b0f6c2b049cff954214c15fc023fc3d16,5735198,"[""https://psc.ky.gov/tariffs/Water/Districts,%20Associations,%20%26%20Privately%20Owned/Trimble%20County%20Water%20District%20Number%201/Tariff.pdf""]","[""broader tariff or documentary context""]",false,original-host reference; not bundled,No redistribution grant established for this document type; use recorded original-host URL.,"Source identity, citations, pages and roles retained; original is not redacted or substituted.",Numerical workflow uses compiled inputs. Full source verification requires exact original bytes in a private disposable copy.
sources/files/annual_23300_2024.pdf,adb377700ad0a375400874bba2598ab9c1fbc9f20843482d14c7292c9f3651d7,f755192a7bd856095b54651b5fbcc13dea7ef628,689606,"[""https://psc.ky.gov/UFR_PDF/%5CWater%5C2024%5C23300_Hyden-Leslie_County_Water_District.pdf""]","[""category and territory comparability"", ""primary account endpoint"", ""reported supplier (incomplete exposure evidence)""]",false,original-host reference; not bundled,No redistribution grant established for this document type; use recorded original-host URL.,"Source identity, citations, pages and roles retained; original is not redacted or substituted.",Numerical workflow uses compiled inputs. Full source verification requires exact original bytes in a private disposable copy.
sources/files/28600_tariff_f86836aea825.pdf,574f51d0ac7588df7a44b1c59b52384be86135da1665305f30e09c1a047ef6e5,f86836aea825aecd22f33723a8e6c5ee274e2182,676439,"[""https://psc.ky.gov/tariffs/Water/Districts,%20Associations,%20%26%20Privately%20Owned/Rattlesnake%20Ridge%20Water%20District/Cancelled%20Tariff%20Pages/2023/Monthly%20Water%20Rates/02-17.pdf""]","[""broader tariff or documentary context""]",false,original-host reference; not bundled,No redistribution grant established for this document type; use recorded original-host URL.,"Source identity, citations, pages and roles retained; original is not redacted or substituted.",Numerical workflow uses compiled inputs. Full source verification requires exact original bytes in a private disposable copy.
sources/files/24500_tariff_f8966411cd4e.pdf,357dce4f86a1d3dcac958e990c3585267c7de95e1e17662e78136575d2a33854,f8966411cd4e3eddd0ec432c4b5c9925e7d7ba0e,151298,"[""https://psc.ky.gov/tariffs/Water/Districts,%20Associations,%20%26%20Privately%20Owned/Lyon%20County%20Water%20District/Cancelled%20Tariff%20Pages/2025/Monthly%20Water%20Rates/08-01.pdf""]","[""category and territory comparability"", ""documented schedule/amendment ledger"", ""primary endpoint tariff""]",false,original-host reference; not bundled,No redistribution grant established for this document type; use recorded original-host URL.,"Source identity, citations, pages and roles retained; original is not redacted or substituted.",Numerical workflow uses compiled inputs. Full source verification requires exact original bytes in a private disposable copy.
sources/files/2023-00371_20241101_PSC_ORDER.pdf,c248e43b40d5e70b04dc246a725991fa7f6be49f0cf8d8b218d53a70a52eb324,fb0b7cccd3a783e38a14e5c5a52e8bd83f5519a1,185065,"[""https://psc.ky.gov/pscscf/2023%20Cases/2023-00371//20241101_PSC_ORDER.pdf"", ""https://psc.ky.gov/pscscf/2023%20Cases/2023-00371/20241101_PSC_ORDER.pdf""]","[""documented schedule/amendment ledger""]",true,bundled original administrative ruling,"Official PSC order; distribution recommended on government-edicts basis, not a project license.",Prior privacy screening plus targeted order-structure checks; no exhaustive clearance asserted.,Original bytes available for separate source-file verification; numerical execution uses compiled inputs.
sources/files/22700_tariff_fba83d3cec4c.pdf,2c729bdd032048476a248e774618c4a0956f97d79ff860f0af66094f580aa904,fba83d3cec4c22c0f55e1af3c9490e26cfa18295,274058,"[""https://psc.ky.gov/tariffs/Water/Districts,%20Associations,%20%26%20Privately%20Owned/Henderson%20County%20Water%20District/Cancelled%20Tariff%20Pages/2023/Monthly%20Water%20Rates/03-31.pdf""]","[""documented schedule/amendment ledger""]",false,original-host reference; not bundled,No redistribution grant established for this document type; use recorded original-host URL.,"Source identity, citations, pages and roles retained; original is not redacted or substituted.",Numerical workflow uses compiled inputs. Full source verification requires exact original bytes in a private disposable copy.
sources/files/31400_tariff_fca5abdf6c3d.pdf,d9af486471c0a0f4f3853749fbd384fcd8b3d934aac7373d97adf095bf6cd7d7,fca5abdf6c3d562394dd9474c14828da8611ae3b,632113,"[""https://psc.ky.gov/tariffs/Water/Districts,%20Associations,%20%26%20Privately%20Owned/Union%20County%20Water%20District/Cancelled%20Tariff%20Pages/2020/Rates%20and%20Charges/01-01.pdf""]","[""broader tariff or documentary context""]",false,original-host reference; not bundled,No redistribution grant established for this document type; use recorded original-host URL.,"Source identity, citations, pages and roles retained; original is not redacted or substituted.",Numerical workflow uses compiled inputs. Full source verification requires exact original bytes in a private disposable copy.
sources/files/22700_tariff_fcc2d14e9958.pdf,3590060f5a61e0e7a9eaf887d9ab72eb0f70049e29cef97bfed762f46807baab,fcc2d14e99589a7ed1f285c747c19c3ebcf2129a,106863,"[""https://psc.ky.gov/tariffs/Water/Districts,%20Associations,%20%26%20Privately%20Owned/Henderson%20County%20Water%20District/Cancelled%20Tariff%20Pages/2020/Monthly%20Water%20Rates/03-31.pdf""]","[""category and territory comparability"", ""documented schedule/amendment ledger"", ""primary endpoint tariff""]",false,original-host reference; not bundled,No redistribution grant established for this document type; use recorded original-host URL.,"Source identity, citations, pages and roles retained; original is not redacted or substituted.",Numerical workflow uses compiled inputs. Full source verification requires exact original bytes in a private disposable copy.
sources/files/21200_2024.pdf,ae962b6d31ab7cb28e24c43d2cf71c91cbd9265964e698acf6391527b04b992a,fce5bf3a7de96992f5ff268938bec7c4f033d160,109662,"[""https://psc.ky.gov/UFR_PDF/%5CWater%5C2024%5C21200_East_Pendleton_Water_District.pdf""]","[""excluded-district or source-conflict evidence""]",false,original-host reference; not bundled,No redistribution grant established for this document type; use recorded original-host URL.,"Source identity, citations, pages and roles retained; original is not redacted or substituted.",Numerical workflow uses compiled inputs. Full source verification requires exact original bytes in a private disposable copy.
sources/files/26900_tariff_fd59a812ea50.pdf,ce1d082735b3fa43d2924b2acff6d476a977d924f8d8f5974dbc6353a6038722,fd59a812ea50dc195c4b52c9df3d630b06b032f7,153849,"[""https://psc.ky.gov/tariffs/Water/Districts,%20Associations,%20%26%20Privately%20Owned/North%20McLean%20County%20Water%20District/Cancelled%20Tariff%20Pages/2020/Monthly%20Rates/10-01.pdf""]","[""documented schedule/amendment ledger""]",false,original-host reference; not bundled,No redistribution grant established for this document type; use recorded original-host URL.,"Source identity, citations, pages and roles retained; original is not redacted or substituted.",Numerical workflow uses compiled inputs. Full source verification requires exact original bytes in a private disposable copy.
sources/files/kentucky_affordability.pdf,cb0e084cce56d91541b2d7c0a07b384a29569bb5e5b7980809c02ec0f72a54f0,de8ba6db8c364ad493bd1e58c32685e4c71ce872,4012743,"[""https://aclc.org/wp-content/uploads/2024/02/Drinking-Water-Affordability-in-Kentucky-1.pdf""]","[""cited Kentucky affordability literature""]",false,original-host link; exact original required for complete source-file verification,third-party redistribution unresolved,No redistribution license identified in the retained report or inspected original-host material.,Required for complete original-source verification; numerical reproduction uses the fixed compiled coding without this original.
sources/files/mountain_march_motion.pdf,3400710c6484da65fbf493336c3ad500cdaaa59cc4db13970381754fb8ff1363,067c06e95cc4b34912cf856c51bf03d5c4f94b58,1263246,"[""https://psc.ky.gov/pscecf/2022-00366/gerald.wuetcher%40skofirm.com/03112024021149/MotionToModifyAndClarify.pdf""]","[""Mountain surcharge-duration clarification motion and documentary conflict""]",false,original-host reference; not bundled,No redistribution grant established for this document type; use recorded original-host URL.,"Source identity, citations, pages and roles retained; original is not redacted or substituted.",Numerical workflow uses compiled inputs. Full source verification requires exact original bytes in a private disposable copy.
